1788016866.377148172	94:bb:43:b5:91:38	33:33:ff:5c:fb:93	86	1
1788016866.377432328	00:01:21:48:26:89	ff:ff:ff:ff:ff:ff	60	2
1788016866.378092000	60:ff:9e:1f:06:6e	01:00:5e:00:00:fb	315	3
1788016866.378532496	60:ff:9e:1f:06:6e	33:33:00:00:00:fb	335	4
1788016866.379310748	42:5c:d0:93:46:e8	01:00:5e:00:00:fb	480	5
1788016866.380170912	42:5c:d0:93:46:e8	33:33:00:00:00:fb	500	6
1788016866.380175831	7e:b4:44:82:1b:ad	01:00:5e:00:00:fb	107	7
1788016866.380447825	7e:de:01:58:b5:49	33:33:00:00:00:fb	139	8
1788016866.380628790	7e:de:01:58:b5:49	01:00:5e:00:00:fb	119	9
1788016866.381103069	7e:b4:44:82:1b:ad	33:33:00:00:00:fb	127	10
1788016866.381103499	00:01:21:48:26:89	ff:ff:ff:ff:ff:ff	60	11
1788016866.381372267	76:89:3d:ce:f2:9f	33:33:00:00:00:16	90	12
1788016866.381544026	b2:79:97:9b:49:90	33:33:00:00:00:02	70	13
1788016866.381717387	76:89:3d:ce:f2:9f	01:00:5e:00:00:16	60	14
1788016866.479887300	00:01:21:48:26:89	ff:ff:ff:ff:ff:ff	60	15
1788016866.479875588	c0:74:ad:dc:1e:64	ff:ff:ff:ff:ff:ff	564	16
1788016866.481418456	76:89:3d:ce:f2:9f	01:00:5e:00:00:16	60	17
1788016866.481411834	c0:74:ad:dc:20:90	ff:ff:ff:ff:ff:ff	564	18
1788016866.481900039	ec:74:d7:26:6a:94	ff:ff:ff:ff:ff:ff	564	19
1788016866.482769760	00:01:21:48:26:89	ff:ff:ff:ff:ff:ff	60	20
1788016866.482769429	ec:74:d7:26:6a:94	ff:ff:ff:ff:ff:ff	564	21
1788016866.483024071	00:01:21:48:26:89	ff:ff:ff:ff:ff:ff	60	22
1788016866.483061190	24:b2:b9:19:1c:fb	ff:ff:ff:ff:ff:ff	60	23
1788016866.483601300	be:b3:51:01:2d:df	33:33:00:00:00:fb	156	24
1788016866.483663466	be:b3:51:01:2d:df	01:00:5e:00:00:fb	136	25
1788016866.582154504	ec:74:d7:26:69:c4	ff:ff:ff:ff:ff:ff	564	26
1788016866.583035776	f8:3d:c6:d0:66:d0	33:33:00:00:00:02	70	27
1788016866.583024325	c0:74:ad:dc:23:fc	ff:ff:ff:ff:ff:ff	564	28
1788016866.584054183	ec:74:d7:26:86:64	ff:ff:ff:ff:ff:ff	564	29
1788016866.584903046	ec:74:d7:26:86:64	ff:ff:ff:ff:ff:ff	564	30
1788016866.585646563	a2:85:e5:02:80:d8	01:00:5e:00:00:fb	482	31
1788016866.585943493	fe:e3:09:82:b8:e5	33:33:00:00:00:fb	116	32
1788016866.585955015	fe:e3:09:82:b8:e5	01:00:5e:00:00:fb	96	33
1788016866.684653708	a2:85:e5:02:80:d8	33:33:00:00:00:fb	502	34
1788016866.684665129	00:01:21:48:26:89	ff:ff:ff:ff:ff:ff	60	35
1788016866.684945528	96:db:97:a5:36:f0	33:33:00:00:00:fb	171	36
1788016866.685429385	96:db:97:a5:36:f0	01:00:5e:00:00:fb	151	37
1788016866.685587257	9e:b6:1c:4f:10:14	33:33:00:00:00:fb	139	38
1788016866.685746672	9e:b6:1c:4f:10:14	01:00:5e:00:00:fb	119	39
1788016866.686178252	9c:4e:36:2f:f0:b8	01:00:5e:00:00:fb	82	40
1788016866.686189803	a8:e2:91:cb:47:a6	ff:ff:ff:ff:ff:ff	60	41
1788016866.686443854	7a:6b:b1:1f:1d:c7	01:00:5e:00:00:fb	119	42
1788016866.686762144	7a:6b:b1:1f:1d:c7	33:33:00:00:00:fb	139	43
1788016866.686832284	0e:ef:15:03:c7:1a	ff:ff:ff:ff:ff:ff	60	44
1788016866.788621973	fe:e3:09:82:b8:e5	01:00:5e:00:00:fb	151	45
1788016866.788887204	fe:e3:09:82:b8:e5	33:33:00:00:00:fb	171	46
1788016866.789169698	0e:ef:15:03:c7:1a	ff:ff:ff:ff:ff:ff	60	47
1788016866.789303355	be:b3:51:01:2d:df	01:00:5e:00:00:fb	136	48
1788016866.790038928	be:b3:51:01:2d:df	33:33:00:00:00:fb	156	49
1788016866.790616027	ec:74:d7:26:84:a0	ff:ff:ff:ff:ff:ff	564	50
1788016866.889480026	8a:9a:f4:d8:1c:ed	ff:ff:ff:ff:ff:ff	60	51
1788016866.890612294	88:52:eb:08:5f:a5	01:00:5e:00:00:fb	573	52
1788016866.891194602	c0:74:ad:dc:21:48	ff:ff:ff:ff:ff:ff	564	53
1788016866.892177363	88:52:eb:08:5f:a5	33:33:00:00:00:fb	593	54
1788016866.892185619	28:c5:d2:2c:5e:e8	ff:ff:ff:ff:ff:ff	60	55
1788016866.892446772	f8:3d:c6:9d:92:4a	ff:ff:ff:ff:ff:ff	60	56
1788016866.893314790	c0:74:ad:dc:1f:d0	ff:ff:ff:ff:ff:ff	564	57
1788016866.894225878	c0:74:ad:dc:1f:d0	ff:ff:ff:ff:ff:ff	564	58
1788016866.895096962	ba:2c:1a:e5:48:eb	33:33:00:00:00:fb	139	59
1788016866.895085471	ec:74:d7:26:7f:a4	ff:ff:ff:ff:ff:ff	564	60
1788016866.895374256	ba:2c:1a:e5:48:eb	01:00:5e:00:00:fb	119	61
1788016866.934186932	20:58:43:71:e2:64	00:01:21:48:26:89	172	62
1788016866.934296705	20:58:43:71:e2:64	00:01:21:48:26:89	1514	63
1788016866.934303387	20:58:43:71:e2:64	00:01:21:48:26:89	1514	64
1788016866.934306062	20:58:43:71:e2:64	00:01:21:48:26:89	1514	65
1788016866.934308507	20:58:43:71:e2:64	00:01:21:48:26:89	1514	66
1788016866.934311512	20:58:43:71:e2:64	00:01:21:48:26:89	1514	67
1788016866.990175227	00:01:21:48:26:89	20:58:43:71:e2:64	60	68
1788016866.990186659	00:01:21:48:26:89	20:58:43:71:e2:64	60	69
1788016866.990186829	00:01:21:48:26:89	20:58:43:71:e2:64	60	70
1788016866.990187009	00:01:21:48:26:89	20:58:43:71:e2:64	60	71
1788016866.990187189	00:01:21:48:26:89	20:58:43:71:e2:64	60	72
1788016866.990187360	00:01:21:48:26:89	20:58:43:71:e2:64	60	73
1788016866.990273299	20:58:43:71:e2:64	00:01:21:48:26:89	1514	74
1788016866.990288828	20:58:43:71:e2:64	00:01:21:48:26:89	688	75
1788016866.995936731	b2:79:97:9b:49:90	01:00:5e:7f:ff:fa	199	76
1788016866.996101446	f8:3d:c6:9d:92:4a	ff:ff:ff:ff:ff:ff	60	77
1788016866.996250172	f2:25:10:67:41:02	ff:ff:ff:ff:ff:ff	60	78
1788016866.997240447	be:b3:51:01:2d:df	01:00:5e:00:00:fb	480	79
1788016866.997770348	be:b3:51:01:2d:df	33:33:00:00:00:fb	500	80
1788016867.000595082	00:01:21:48:26:89	20:58:43:71:e2:64	60	81
1788016867.000595542	00:01:21:48:26:89	20:58:43:71:e2:64	60	82
1788016867.030967434	20:58:43:71:e2:64	00:01:21:48:26:89	90	83
1788016867.031094920	20:58:43:71:e2:64	00:01:21:48:26:89	90	84
1788016867.093939615	fa:ff:97:48:29:db	33:33:00:00:00:fb	123	85
1788016867.094087429	fa:ff:97:48:29:db	01:00:5e:00:00:fb	103	86
1788016867.094400729	1a:12:c8:d0:94:05	01:00:5e:00:00:fb	132	87
1788016867.094607503	1a:12:c8:d0:94:05	01:00:5e:00:00:fb	84	88
1788016867.094909532	8a:24:71:b4:e4:d2	33:33:00:00:00:fb	139	89
1788016867.095088484	8a:24:71:b4:e4:d2	01:00:5e:00:00:fb	119	90
1788016867.095401644	46:0e:57:5c:c3:ac	01:00:5e:00:00:fb	119	91
1788016867.095680471	46:0e:57:5c:c3:ac	33:33:00:00:00:fb	139	92
1788016867.096001055	28:2e:89:0d:9a:3e	01:00:5e:7f:ff:fa	167	93
1788016867.096218397	76:89:3d:ce:f2:9f	33:33:00:00:00:16	90	94
1788016867.096704157	9e:fa:dc:2b:94:b9	01:00:5e:00:00:fb	289	95
1788016867.096879783	c0:09:25:80:64:64	ff:ff:ff:ff:ff:ff	60	96
1788016867.097369700	0a:98:67:85:c4:40	01:00:5e:00:00:fb	290	97
1788016867.097852354	96:e4:d9:c5:18:65	01:00:5e:00:00:fb	290	98
1788016867.197971449	48:45:e6:80:7f:d9	01:00:5e:00:00:fb	338	99
1788016867.198242451	be:b3:51:01:2d:df	01:00:5e:00:00:fb	180	100
1788016867.198806897	12:24:44:5d:bd:d6	01:00:5e:00:00:fb	119	101
1788016867.198818418	12:24:44:5d:bd:d6	33:33:00:00:00:fb	139	102
1788016867.199092206	bc:29:78:87:0d:40	ff:ff:ff:ff:ff:ff	60	103
1788016867.199424551	a6:d9:77:da:78:11	01:00:5e:00:00:fb	290	104
1788016867.199696786	9a:58:ef:bf:2f:a6	ff:ff:ff:ff:ff:ff	60	105
1788016867.200279245	46:8c:7f:05:e2:52	01:00:5e:00:00:fb	289	106
1788016867.200610428	82:b3:26:16:b2:a9	01:00:5e:00:00:fb	290	107
1788016867.201623195	c0:74:ad:dc:20:14	ff:ff:ff:ff:ff:ff	564	108
1788016867.202003048	52:41:e7:a7:82:11	01:00:5e:00:00:fb	289	109
1788016867.202584756	96:db:97:a5:36:f0	01:00:5e:00:00:fb	290	110
1788016867.202901012	aa:65:71:eb:c5:b2	01:00:5e:00:00:fb	290	111
1788016867.203538463	d6:32:7c:eb:99:43	01:00:5e:00:00:fb	290	112
1788016867.204059108	1c:ce:51:42:91:dc	01:00:5e:00:00:fb	314	113
1788016867.204539768	72:cb:5f:64:c5:82	01:00:5e:00:00:fb	290	114
1788016867.204588058	d6:32:7c:eb:99:43	01:00:5e:00:00:fb	119	115
1788016867.205652530	c0:74:ad:dc:1f:a4	ff:ff:ff:ff:ff:ff	564	116
1788016867.205908995	d6:32:7c:eb:99:43	33:33:00:00:00:fb	139	117
1788016867.222509071	00:01:21:48:26:89	20:58:43:71:e2:64	254	118
1788016867.222520232	00:01:21:48:26:89	20:58:43:71:e2:64	226	119
1788016867.223578883	20:58:43:71:e2:64	00:01:21:48:26:89	92	120
1788016867.231299207	00:01:21:48:26:89	20:58:43:71:e2:64	96	121
1788016867.231612978	20:58:43:71:e2:64	00:01:21:48:26:89	81	122
1788016867.241082743	00:01:21:48:26:89	20:58:43:71:e2:64	159	123
1788016867.241876313	20:58:43:71:e2:64	00:01:21:48:26:89	74	124
1788016867.247493791	00:01:21:48:26:89	20:58:43:71:e2:64	66	125
1788016867.247505303	00:01:21:48:26:89	20:58:43:71:e2:64	148	126
1788016867.247584990	20:58:43:71:e2:64	00:01:21:48:26:89	54	127
1788016867.248375775	20:58:43:71:e2:64	00:01:21:48:26:89	1514	128
1788016867.248387136	20:58:43:71:e2:64	00:01:21:48:26:89	706	129
1788016867.251000368	00:01:21:48:26:89	20:58:43:71:e2:64	60	130
1788016867.251012841	00:01:21:48:26:89	20:58:43:71:e2:64	60	131
1788016867.267761141	00:01:21:48:26:89	20:58:43:71:e2:64	147	132
1788016867.267827103	20:58:43:71:e2:64	00:01:21:48:26:89	54	133
1788016867.268140344	20:58:43:71:e2:64	00:01:21:48:26:89	980	134
1788016867.271614470	00:01:21:48:26:89	20:58:43:71:e2:64	60	135
1788016867.288232029	20:58:43:71:e2:64	00:01:21:48:26:89	54	136
1788016867.301378976	ec:74:d7:26:8a:d8	ff:ff:ff:ff:ff:ff	564	137
1788016867.302093480	ec:74:d7:26:84:28	ff:ff:ff:ff:ff:ff	564	138
1788016867.302575974	b2:4e:22:ec:f6:1c	01:00:5e:00:00:fb	288	139
1788016867.303101478	b2:4e:22:ec:f6:1c	33:33:00:00:00:fb	308	140
1788016867.303916548	ec:74:d7:26:6a:ec	ff:ff:ff:ff:ff:ff	564	141
1788016867.304780769	c0:74:ad:dc:1e:cc	ff:ff:ff:ff:ff:ff	564	142
1788016867.304956124	f8:3d:c6:d0:66:d0	33:33:00:01:00:02	122	143
1788016867.305653957	c0:35:32:3a:07:5f	01:00:5e:00:00:fb	294	144
1788016867.312289992	20:58:43:71:e2:64	00:01:21:48:26:89	54	145
1788016867.316572266	00:01:21:48:26:89	20:58:43:71:e2:64	60	146
1788016867.321077022	00:01:21:48:26:89	20:58:43:71:e2:64	335	147
1788016867.321102359	20:58:43:71:e2:64	00:01:21:48:26:89	54	148
1788016867.321704835	20:58:43:71:e2:64	00:01:21:48:26:89	128	149
1788016867.321882494	20:58:43:71:e2:64	00:01:21:48:26:89	146	150
1788016867.323484823	00:01:21:48:26:89	20:58:43:71:e2:64	60	151
1788016867.323485113	00:01:21:48:26:89	20:58:43:71:e2:64	60	152
1788016867.323515850	20:58:43:71:e2:64	00:01:21:48:26:89	319	153
1788016867.325950261	00:01:21:48:26:89	20:58:43:71:e2:64	60	154
1788016867.327096805	00:01:21:48:26:89	20:58:43:71:e2:64	116	155
1788016867.327321812	20:58:43:71:e2:64	00:01:21:48:26:89	85	156
1788016867.332340631	00:01:21:48:26:89	20:58:43:71:e2:64	85	157
1788016867.332865994	00:01:21:48:26:89	20:58:43:71:e2:64	1514	158
1788016867.332894887	20:58:43:71:e2:64	00:01:21:48:26:89	54	159
1788016867.333615493	00:01:21:48:26:89	20:58:43:71:e2:64	2974	160
1788016867.333620332	00:01:21:48:26:89	20:58:43:71:e2:64	7354	161
1788016867.333644797	20:58:43:71:e2:64	00:01:21:48:26:89	54	162
1788016867.333716329	20:58:43:71:e2:64	00:01:21:48:26:89	54	163
1788016867.337465906	00:01:21:48:26:89	20:58:43:71:e2:64	1514	164
1788016867.337466287	00:01:21:48:26:89	20:58:43:71:e2:64	3320	165
1788016867.337466457	00:01:21:48:26:89	20:58:43:71:e2:64	2974	166
1788016867.337466638	00:01:21:48:26:89	20:58:43:71:e2:64	2974	167
1788016867.337512322	20:58:43:71:e2:64	00:01:21:48:26:89	54	168
1788016867.337584747	20:58:43:71:e2:64	00:01:21:48:26:89	54	169
1788016867.337740325	00:01:21:48:26:89	20:58:43:71:e2:64	2974	170
1788016867.337740635	00:01:21:48:26:89	20:58:43:71:e2:64	1514	171
1788016867.337759510	20:58:43:71:e2:64	00:01:21:48:26:89	54	172
1788016867.337808331	00:01:21:48:26:89	20:58:43:71:e2:64	2974	173
1788016867.337808701	00:01:21:48:26:89	20:58:43:71:e2:64	1514	174
1788016867.339259079	00:01:21:48:26:89	20:58:43:71:e2:64	5894	175
1788016867.339259459	00:01:21:48:26:89	20:58:43:71:e2:64	5894	176
1788016867.339930412	20:58:43:71:e2:64	00:01:21:48:26:89	54	177
1788016867.340357283	00:01:21:48:26:89	20:58:43:71:e2:64	2974	178
1788016867.340357724	00:01:21:48:26:89	20:58:43:71:e2:64	2974	179
1788016867.340357844	00:01:21:48:26:89	20:58:43:71:e2:64	4434	180
1788016867.340396376	20:58:43:71:e2:64	00:01:21:48:26:89	54	181
1788016867.340483377	20:58:43:71:e2:64	00:01:21:48:26:89	54	182
1788016867.341487798	00:01:21:48:26:89	20:58:43:71:e2:64	1514	183
1788016867.341500812	00:01:21:48:26:89	20:58:43:71:e2:64	2974	184
1788016867.341597521	20:58:43:71:e2:64	00:01:21:48:26:89	54	185
1788016867.342813725	00:01:21:48:26:89	20:58:43:71:e2:64	8814	186
1788016867.342814035	00:01:21:48:26:89	20:58:43:71:e2:64	1514	187
1788016867.342814165	00:01:21:48:26:89	20:58:43:71:e2:64	4434	188
1788016867.342865651	00:01:21:48:26:89	20:58:43:71:e2:64	1514	189
1788016867.342865831	00:01:21:48:26:89	20:58:43:71:e2:64	1514	190
1788016867.342865971	00:01:21:48:26:89	20:58:43:71:e2:64	1219	191
1788016867.342927886	20:58:43:71:e2:64	00:01:21:48:26:89	54	192
1788016867.401785614	e2:e9:dc:b3:7e:90	01:00:5e:00:00:fb	290	193
1788016867.402056837	be:b3:51:01:2d:df	01:00:5e:00:00:fb	76	194
1788016867.402246979	be:b3:51:01:2d:df	33:33:00:00:00:fb	96	195
1788016867.402403920	be:b3:51:01:2d:df	33:33:00:00:00:fb	100	196
1788016867.402731527	be:b3:51:01:2d:df	01:00:5e:00:00:fb	80	197
1788016867.403669725	ec:74:d7:26:7e:2c	ff:ff:ff:ff:ff:ff	564	198
1788016867.404536501	be:b3:51:01:2d:df	01:00:5e:00:00:fb	107	199
1788016867.404522996	c0:74:ad:dc:1e:64	ff:ff:ff:ff:ff:ff	564	200
1788016867.404815999	be:b3:51:01:2d:df	33:33:00:00:00:fb	127	201
1788016867.405960138	ec:74:d7:26:7e:d0	ff:ff:ff:ff:ff:ff	564	202
1788016867.503288623	b2:a7:a5:e5:4f:c1	33:33:00:00:00:fb	139	203
1788016867.503458217	b2:a7:a5:e5:4f:c1	01:00:5e:00:00:fb	119	204
1788016867.503889747	00:01:21:48:26:89	ff:ff:ff:ff:ff:ff	60	205
1788016867.503901158	26:21:e7:02:03:c0	01:00:5e:00:00:fb	151	206
1788016867.504527499	26:21:e7:02:03:c0	33:33:00:00:00:fb	171	207
1788016867.504538980	c0:74:ad:dc:25:08	33:33:00:01:00:02	172	208
1788016867.504816895	00:01:21:48:26:89	ff:ff:ff:ff:ff:ff	60	209
1788016867.504828466	00:01:21:48:26:89	ff:ff:ff:ff:ff:ff	60	210
1788016867.505102444	5a:34:92:f7:d6:63	33:33:00:00:00:fb	102	211
1788016867.505516521	5a:34:92:f7:d6:63	33:33:00:00:00:fb	123	212
1788016867.505677910	5a:34:92:f7:d6:63	33:33:00:00:00:fb	139	213
1788016867.505826746	5a:34:92:f7:d6:63	01:00:5e:00:00:fb	82	214
1788016867.506125940	5a:34:92:f7:d6:63	01:00:5e:00:00:fb	103	215
1788016867.506543704	5a:34:92:f7:d6:63	01:00:5e:00:00:fb	119	216
1788016867.506544015	5a:34:92:f7:d6:63	33:33:00:00:00:16	90	217
1788016867.506692540	4a:33:32:d9:f3:69	33:33:00:00:00:02	70	218
1788016867.605475018	5a:34:92:f7:d6:63	33:33:00:00:00:16	90	219
1788016867.605635345	ee:0a:b7:b0:63:f2	01:00:5e:00:00:fb	103	220
1788016867.605964395	ee:0a:b7:b0:63:f2	33:33:00:00:00:fb	123	221
1788016867.606289668	2a:b5:c4:f2:4c:86	01:00:5e:7f:ff:fa	167	222
1788016867.708753908	a2:ab:e9:cd:24:3f	ff:ff:ff:ff:ff:ff	336	223
1788016867.709413670	ee:cb:db:2a:c3:07	01:00:5e:00:00:fb	290	224
1788016867.710247926	c0:74:ad:dc:1e:94	ff:ff:ff:ff:ff:ff	564	225
1788016867.711100626	c0:74:ad:dc:1e:94	ff:ff:ff:ff:ff:ff	564	226
1788016867.711263247	2a:b5:c4:f2:4c:86	01:00:5e:7f:ff:fa	167	227
1788016867.811231172	04:68:74:76:1c:87	33:33:00:00:00:fb	104	228
1788016867.811235981	04:68:74:76:1c:87	33:33:00:00:00:fb	349	229
1788016867.811833538	04:68:74:76:1c:87	33:33:00:00:00:fb	349	230
1788016867.811983787	04:68:74:76:1c:87	33:33:00:00:00:fb	104	231
1788016867.813144738	04:68:74:76:1c:87	33:33:00:00:00:fb	349	232
1788016867.813178831	04:68:74:76:1c:87	33:33:00:00:00:fb	349	233
1788016867.813739349	04:68:74:76:1c:87	01:00:5e:00:00:fb	329	234
1788016867.813901770	04:68:74:76:1c:87	01:00:5e:00:00:fb	84	235
1788016867.814479631	04:68:74:76:1c:87	01:00:5e:00:00:fb	329	236
1788016867.814633035	04:68:74:76:1c:87	01:00:5e:00:00:fb	84	237
1788016867.814794184	f8:3d:c6:9d:92:4a	ff:ff:ff:ff:ff:ff	60	238
1788016867.814937890	f8:3d:c6:9d:92:4a	ff:ff:ff:ff:ff:ff	60	239
1788016867.815654327	04:68:74:76:1c:87	01:00:5e:00:00:fb	329	240
1788016867.816101145	04:68:74:76:1c:87	01:00:5e:00:00:fb	329	241
1788016867.816263145	c0:09:25:80:64:64	ff:ff:ff:ff:ff:ff	60	242
1788016867.816444521	0e:ef:15:03:c7:1a	ff:ff:ff:ff:ff:ff	60	243
1788016867.816626498	0e:ef:15:03:c7:1a	ff:ff:ff:ff:ff:ff	60	244
1788016867.816805029	0e:ef:15:03:c7:1a	ff:ff:ff:ff:ff:ff	60	245
1788016867.817129009	2a:b5:c4:f2:4c:86	01:00:5e:7f:ff:fa	167	246
1788016867.913409212	ec:74:d7:26:69:94	ff:ff:ff:ff:ff:ff	564	247
1788016867.914261841	ec:74:d7:26:69:94	ff:ff:ff:ff:ff:ff	564	248
1788016867.914382896	3c:64:cf:3b:f6:5b	ff:ff:ff:ff:ff:ff	60	249
1788016867.915273155	c0:74:ad:dc:1f:d0	ff:ff:ff:ff:ff:ff	564	250
1788016867.916120826	c0:74:ad:dc:1f:d0	ff:ff:ff:ff:ff:ff	564	251
1788016867.916411063	60:ff:9e:50:6e:88	01:00:5e:4d:4d:4d	155	252
1788016867.916563947	a0:85:27:fb:cf:b1	ff:ff:ff:ff:ff:ff	60	253
1788016868.015412669	b2:79:97:9b:49:90	01:00:5e:7f:ff:fa	199	254
1788016868.016029953	f8:3d:c6:d0:66:d0	ff:ff:ff:ff:ff:ff	342	255
1788016868.016594249	f8:3d:c6:d0:66:d0	ff:ff:ff:ff:ff:ff	351	256
1788016868.017529111	ec:74:d7:26:8b:60	ff:ff:ff:ff:ff:ff	564	257
1788016868.018274302	ec:74:d7:26:86:78	ff:ff:ff:ff:ff:ff	564	258
1788016868.019038247	be:b3:51:01:2d:df	01:00:5e:00:00:fb	480	259
1788016868.019811309	be:b3:51:01:2d:df	33:33:00:00:00:fb	500	260
1788016868.019822781	f8:3d:c6:d0:66:d0	33:33:00:00:00:16	90	261
1788016868.020096919	f8:3d:c6:d0:66:d0	33:33:00:00:00:16	90	262
1788016868.020232810	f8:3d:c6:d0:66:d0	ff:ff:ff:ff:ff:ff	60	263
1788016868.021224969	ec:74:d7:26:75:48	ff:ff:ff:ff:ff:ff	564	264
1788016868.117646743	f8:3d:c6:d0:66:d0	ff:ff:ff:ff:ff:ff	60	265
1788016868.117658575	f8:3d:c6:d0:66:d0	33:33:00:01:00:03	85	266
1788016868.117658746	f8:3d:c6:d0:66:d0	ff:ff:ff:ff:ff:ff	60	267
1788016868.117917034	f8:3d:c6:d0:66:d0	01:00:5e:00:00:fc	65	268
1788016868.118099162	f8:3d:c6:d0:66:d0	33:33:00:00:00:16	110	269
1788016868.118153041	f8:3d:c6:d0:66:d0	33:33:00:00:00:16	90	270
1788016868.118600450	f8:3d:c6:d0:66:d0	33:33:00:00:00:16	90	271
1788016868.118600781	f4:d1:08:d0:10:5b	ff:ff:ff:ff:ff:ff	60	272
1788016868.118919732	fa:c8:d3:66:df:ac	01:00:5e:00:00:fb	119	273
1788016868.119216833	fa:c8:d3:66:df:ac	33:33:00:00:00:fb	139	274
1788016868.119384543	f8:3d:c6:d0:66:d0	ff:ff:ff:ff:ff:ff	110	275
1788016868.119795615	f8:3d:c6:d0:66:d0	ff:ff:ff:ff:ff:ff	110	276
1788016868.119795895	90:10:57:c5:0f:bc	ff:ff:ff:ff:ff:ff	60	277
1788016868.120213469	f8:3d:c6:d0:66:d0	ff:ff:ff:ff:ff:ff	110	278
1788016868.120213810	1a:12:c8:d0:94:05	01:00:5e:00:00:fc	82	279
1788016868.221117028	0c:ef:15:44:d3:27	ff:ff:ff:ff:ff:ff	565	280
1788016868.221888438	bc:29:78:87:0d:40	ff:ff:ff:ff:ff:ff	60	281
1788016868.221873189	c0:74:ad:dc:20:14	ff:ff:ff:ff:ff:ff	564	282
1788016868.222175389	98:bd:80:d3:aa:68	01:00:5e:7f:ff:fa	167	283
1788016868.323789054	ee:0a:b7:b0:63:f2	01:00:5e:7f:ff:fa	167	284
1788016868.323940103	14:d1:69:db:63:ba	33:33:00:00:00:02	70	285
1788016868.325231847	7e:b4:44:82:1b:ad	01:00:5e:00:00:fb	482	286
1788016868.325630656	7e:b4:44:82:1b:ad	33:33:00:00:00:fb	502	287
1788016868.325642157	f8:3d:c6:d0:66:d0	ff:ff:ff:ff:ff:ff	60	288
1788016868.326304254	a2:ab:e9:cd:24:3f	ff:ff:ff:ff:ff:ff	332	289
1788016868.327058591	ec:74:d7:26:7f:34	ff:ff:ff:ff:ff:ff	564	290
1788016868.328006097	c0:74:ad:dc:2d:dc	ff:ff:ff:ff:ff:ff	564	291
1788016868.329394800	a0:85:27:fb:cf:b1	ff:ff:ff:ff:ff:ff	110	292
1788016868.329394139	c0:74:ad:dc:2d:dc	ff:ff:ff:ff:ff:ff	564	293
1788016868.329394980	a0:85:27:fb:cf:b1	ff:ff:ff:ff:ff:ff	110	294
1788016868.329472113	a0:85:27:fb:cf:b1	ff:ff:ff:ff:ff:ff	110	295
1788016868.335340998	00:01:21:48:26:89	20:58:43:71:e2:64	650	296
1788016868.335646794	20:58:43:71:e2:64	00:01:21:48:26:89	81	297
1788016868.424559626	7e:b4:44:82:1b:ad	01:00:5e:00:00:fb	107	298
1788016868.424820660	7e:b4:44:82:1b:ad	33:33:00:00:00:fb	127	299
1788016868.424963815	56:af:0f:c2:fc:b1	ff:ff:ff:ff:ff:ff	60	300
1788016868.425409010	8a:03:3d:66:f7:cd	33:33:00:00:00:fb	123	301
1788016868.425458361	8a:03:3d:66:f7:cd	01:00:5e:00:00:fb	103	302
1788016868.426488620	c0:74:ad:dc:1f:98	ff:ff:ff:ff:ff:ff	564	303
1788016868.427334938	ec:74:d7:26:7e:d0	ff:ff:ff:ff:ff:ff	564	304
1788016868.527348809	a0:85:27:fb:cf:b1	ff:ff:ff:ff:ff:ff	60	305
1788016868.527355651	f8:3d:c6:d0:66:d0	33:33:00:01:00:03	85	306
1788016868.527355832	f8:3d:c6:d0:66:d0	01:00:5e:00:00:fc	65	307
1788016868.527491603	5a:34:92:f7:d6:63	01:00:5e:00:00:fb	119	308
1788016868.527889290	5a:34:92:f7:d6:63	33:33:00:00:00:fb	139	309
1788016868.528060237	ee:0a:b7:b0:63:f2	01:00:5e:00:00:fb	103	310
1788016868.528381452	ee:0a:b7:b0:63:f2	33:33:00:00:00:fb	123	311
1788016868.528552950	56:af:0f:c2:fc:b1	ff:ff:ff:ff:ff:ff	60	312
1788016868.528820495	f8:3d:c6:d0:66:d0	33:33:00:00:00:16	130	313
1788016868.529667966	ec:74:d7:26:69:c4	ff:ff:ff:ff:ff:ff	564	314
1788016868.629973777	1a:12:c8:d0:94:05	01:00:5e:00:00:fb	83	315
1788016868.630302997	92:34:4c:2b:ac:49	01:00:5e:00:00:fb	119	316
1788016868.630312575	9c:4e:36:2f:f0:b8	01:00:5e:00:00:fb	82	317
1788016868.630547380	92:34:4c:2b:ac:49	33:33:00:00:00:fb	139	318
1788016868.631248218	a2:ab:e9:cd:24:3f	ff:ff:ff:ff:ff:ff	332	319
1788016868.631256944	fa:1c:79:a0:42:bd	01:00:5e:00:00:fb	79	320
1788016868.631494114	fa:1c:79:a0:42:bd	33:33:00:00:00:fb	99	321
1788016868.632558806	fa:1c:79:a0:42:bd	33:33:00:00:00:16	90	322
1788016868.632545872	c0:74:ad:dc:22:98	ff:ff:ff:ff:ff:ff	564	323
1788016868.732009644	2a:b5:c4:f2:4c:86	01:00:5e:00:00:fb	103	324
1788016868.732020904	1a:12:c8:d0:94:05	01:00:5e:00:00:fb	83	325
1788016868.732312956	da:59:f4:ae:de:3b	33:33:00:00:00:fb	155	326
1788016868.732888272	da:59:f4:ae:de:3b	01:00:5e:00:00:fb	135	327
1788016868.734046397	c0:74:ad:dc:1e:94	ff:ff:ff:ff:ff:ff	564	328
1788016868.734315776	ec:74:d7:26:89:08	ff:ff:ff:ff:ff:ff	564	329
1788016868.734479009	f4:d1:08:d0:10:5b	ff:ff:ff:ff:ff:ff	60	330
1788016868.734637693	0e:ef:15:03:c7:1a	ff:ff:ff:ff:ff:ff	60	331
1788016868.735019991	f8:3d:c6:9d:92:4a	ff:ff:ff:ff:ff:ff	60	332
1788016868.735020322	f8:3d:c6:9d:92:4a	ff:ff:ff:ff:ff:ff	60	333
1788016868.735927783	52:41:e7:a7:82:11	01:00:5e:00:00:fb	480	334
1788016868.736717026	52:41:e7:a7:82:11	33:33:00:00:00:fb	500	335
1788016868.736728757	0e:ef:15:03:c7:1a	ff:ff:ff:ff:ff:ff	60	336
1788016868.736998497	24:b2:b9:19:1c:fb	ff:ff:ff:ff:ff:ff	60	337
1788016868.835373681	c0:09:25:80:64:64	ff:ff:ff:ff:ff:ff	60	338
1788016868.835362150	12:f4:68:a8:8d:2d	ff:ff:ff:ff:ff:ff	60	339
1788016868.835497260	56:af:0f:c2:fc:b1	33:33:00:00:00:16	90	340
1788016868.836401506	f8:3d:c6:d0:66:d0	ff:ff:ff:ff:ff:ff	110	341
1788016868.836415241	a2:ab:e9:cd:24:3f	ff:ff:ff:ff:ff:ff	332	342
1788016868.837372645	ec:74:d7:26:69:94	ff:ff:ff:ff:ff:ff	564	343
1788016868.937577449	a2:ab:e9:cd:24:3f	ff:ff:ff:ff:ff:ff	342	344
1788016868.937581657	0e:ef:15:03:c7:1a	ff:ff:ff:ff:ff:ff	60	345
1788016868.937581777	0e:ef:15:03:c7:1a	ff:ff:ff:ff:ff:ff	60	346
1788016868.937675901	76:69:57:e9:00:d4	ff:ff:ff:ff:ff:ff	60	347
1788016868.938016342	76:69:57:e9:00:d4	33:33:00:00:00:16	150	348
1788016868.938326327	76:69:57:e9:00:d4	ff:ff:ff:ff:ff:ff	60	349
1788016868.938337848	7e:ef:c4:7d:5b:c9	33:33:00:00:00:02	70	350
1788016869.042011383	f8:3d:c6:d0:66:d0	ff:ff:ff:ff:ff:ff	110	351
1788016869.042006674	ec:74:d7:26:8b:60	ff:ff:ff:ff:ff:ff	564	352
1788016869.042011563	a2:ab:e9:cd:24:3f	ff:ff:ff:ff:ff:ff	60	353
1788016869.042011734	f8:3d:c6:d0:66:d0	ff:ff:ff:ff:ff:ff	110	354
1788016869.042227563	f8:3d:c6:d0:66:d0	ff:ff:ff:ff:ff:ff	60	355
1788016869.043252232	b2:79:97:9b:49:90	01:00:5e:7f:ff:fa	199	356
1788016869.043263813	ec:74:d7:26:88:18	ff:ff:ff:ff:ff:ff	564	357
1788016869.043543943	ca:a2:5c:18:e1:ac	33:33:00:00:00:fb	139	358
1788016869.043999036	ca:a2:5c:18:e1:ac	01:00:5e:00:00:fb	119	359
1788016869.141711943	24:b2:b9:19:1c:fb	ff:ff:ff:ff:ff:ff	60	360
1788016869.141847243	56:af:0f:c2:fc:b1	33:33:00:00:00:16	90	361
1788016869.142099080	60:ff:9e:1f:06:6e	ff:ff:ff:ff:ff:ff	60	362
1788016869.245399771	00:01:21:48:26:89	ff:ff:ff:ff:ff:ff	60	363
1788016869.245388380	c0:74:ad:dc:1f:a4	ff:ff:ff:ff:ff:ff	564	364
1788016869.246648064	ec:74:d7:26:6a:ec	ff:ff:ff:ff:ff:ff	564	365
1788016869.247426186	ec:74:d7:26:6a:ec	ff:ff:ff:ff:ff:ff	564	366
1788016869.248652919	ec:74:d7:26:6a:ec	ff:ff:ff:ff:ff:ff	564	367
1788016869.346873647	8e:3a:25:5d:7c:9d	01:00:5e:00:00:fb	103	368
1788016869.346888004	8e:3a:25:5d:7c:9d	33:33:00:00:00:fb	123	369
1788016869.347895460	ec:74:d7:26:7f:34	ff:ff:ff:ff:ff:ff	564	370
1788016869.348439428	ec:74:d7:26:7f:34	ff:ff:ff:ff:ff:ff	564	371
1788016869.349281338	c0:74:ad:dc:2d:dc	ff:ff:ff:ff:ff:ff	564	372
1788016869.350442530	ec:74:d7:26:67:a4	ff:ff:ff:ff:ff:ff	564	373
1788016869.350722679	12:f4:68:a8:8d:2d	ff:ff:ff:ff:ff:ff	342	374
1788016869.350734240	00:01:21:48:26:89	ff:ff:ff:ff:ff:ff	60	375
1788016869.450508076	be:b3:51:01:2d:df	01:00:5e:00:00:fb	107	376
1788016869.450503418	c0:74:ad:dc:1e:c4	ff:ff:ff:ff:ff:ff	564	377
1788016869.450767066	ec:74:d7:26:7e:d0	ff:ff:ff:ff:ff:ff	564	378
1788016869.450915441	be:b3:51:01:2d:df	33:33:00:00:00:fb	127	379
1788016869.451545699	26:21:e7:02:03:c0	01:00:5e:00:00:fb	151	380
1788016869.451546100	26:21:e7:02:03:c0	33:33:00:00:00:fb	171	381
1788016869.451809187	00:01:21:48:26:89	ff:ff:ff:ff:ff:ff	60	382
1788016869.551350763	5a:34:92:f7:d6:63	01:00:5e:00:00:fb	119	383
1788016869.551472629	5a:34:92:f7:d6:63	33:33:00:00:00:fb	139	384
1788016869.551650859	0e:ef:15:03:c7:1a	ff:ff:ff:ff:ff:ff	60	385
1788016869.551810164	ee:0a:b7:b0:63:f2	01:00:5e:00:00:fb	103	386
1788016869.552178507	ee:0a:b7:b0:63:f2	33:33:00:00:00:fb	123	387
1788016869.553109071	ec:74:d7:26:69:c4	ff:ff:ff:ff:ff:ff	564	388
1788016869.553975236	c0:74:ad:dc:23:fc	ff:ff:ff:ff:ff:ff	564	389
1788016869.554736256	ec:74:d7:26:86:64	ff:ff:ff:ff:ff:ff	564	390
1788016869.554899438	fa:1c:79:a0:42:bd	33:33:00:00:00:16	90	391
1788016869.654152399	fa:1c:79:a0:42:bd	01:00:5e:00:00:fb	79	392
1788016869.654156807	fa:1c:79:a0:42:bd	33:33:00:00:00:fb	99	393
1788016869.654156978	f8:3d:c6:d0:66:d0	ff:ff:ff:ff:ff:ff	110	394
1788016869.654383117	f8:3d:c6:d0:66:d0	ff:ff:ff:ff:ff:ff	110	395
1788016869.654427308	f8:3d:c6:d0:66:d0	ff:ff:ff:ff:ff:ff	110	396
1788016869.655578822	c0:74:ad:dc:22:98	ff:ff:ff:ff:ff:ff	564	397
1788016869.655579143	52:58:33:54:ef:01	ff:ff:ff:ff:ff:ff	60	398
1788016869.655838874	6e:13:64:25:af:dc	33:33:00:00:00:fb	139	399
1788016869.655899546	76:c2:0f:a9:b3:f6	33:33:00:00:00:02	70	400
1788016869.656412367	6e:13:64:25:af:dc	01:00:5e:00:00:fb	119	401
1788016869.656424028	2a:b5:c4:f2:4c:86	01:00:5e:00:00:fb	103	402
1788016869.756879557	c0:74:ad:dc:1e:94	ff:ff:ff:ff:ff:ff	564	403
1788016869.757790165	0e:ef:15:03:c7:1a	ff:ff:ff:ff:ff:ff	60	404
1788016869.757785666	c0:74:ad:dc:1e:94	ff:ff:ff:ff:ff:ff	564	405
1788016869.757908484	0e:ef:15:03:c7:1a	ff:ff:ff:ff:ff:ff	60	406
1788016869.758067769	0e:ef:15:03:c7:1a	ff:ff:ff:ff:ff:ff	60	407
1788016869.759364041	0e:ef:15:03:c7:1a	ff:ff:ff:ff:ff:ff	60	408
1788016869.759359282	c0:74:ad:dc:1f:44	ff:ff:ff:ff:ff:ff	564	409
1788016869.759363921	3c:64:cf:3b:f6:5b	ff:ff:ff:ff:ff:ff	60	410
1788016869.759446814	0e:ef:15:03:c7:1a	ff:ff:ff:ff:ff:ff	60	411
1788016869.759612371	f4:d1:08:d0:10:5b	ff:ff:ff:ff:ff:ff	60	412
1788016869.759855892	12:f4:68:a8:8d:2d	33:33:00:00:00:16	90	413
1788016869.760039573	12:f4:68:a8:8d:2d	33:33:00:00:00:16	90	414
1788016869.760247708	12:f4:68:a8:8d:2d	33:33:00:00:00:02	70	415
1788016869.760948627	a2:d8:19:46:ee:7d	01:00:5e:00:00:fb	290	416
1788016869.860001367	f8:3d:c6:d0:66:d0	01:00:5e:7f:ff:fa	179	417
1788016869.859996678	ec:74:d7:26:67:b0	ff:ff:ff:ff:ff:ff	564	418
1788016869.860342599	12:f4:68:a8:8d:2d	33:33:00:00:00:16	90	419
1788016869.861600380	76:69:57:e9:00:d4	33:33:00:00:00:16	150	420
1788016869.861591844	ec:74:d7:26:69:94	ff:ff:ff:ff:ff:ff	564	421
1788016869.961224468	28:c5:d2:2c:5e:e8	ff:ff:ff:ff:ff:ff	60	422
1788016869.961365940	60:ff:9e:50:6e:88	01:00:5e:4d:4d:4d	155	423
1788016869.961880674	b2:79:97:9b:49:90	01:00:5e:7f:ff:fa	199	424
1788016870.067881716	be:b3:51:01:2d:df	01:00:5e:00:00:fb	480	425
1788016870.068150424	be:b3:51:01:2d:df	33:33:00:00:00:fb	500	426
1788016870.167197543	c0:74:ad:dc:20:14	ff:ff:ff:ff:ff:ff	564	427
1788016870.268763961	00:01:21:48:26:89	ff:ff:ff:ff:ff:ff	60	428
1788016870.268768600	00:01:21:48:26:89	ff:ff:ff:ff:ff:ff	60	429
1788016870.268768780	a4:55:90:56:c6:7e	ff:ff:ff:ff:ff:ff	60	430
1788016870.373801220	00:01:21:48:26:89	ff:ff:ff:ff:ff:ff	60	431
1788016870.373815717	42:5c:d0:93:46:e8	01:00:5e:00:00:fb	480	432
1788016870.375521558	42:5c:d0:93:46:e8	33:33:00:00:00:fb	500	433
1788016870.410509753	20:58:43:71:e2:64	00:01:21:48:26:89	133	434
1788016870.471487719	00:01:21:48:26:89	20:58:43:71:e2:64	60	435
1788016870.473328630	f8:3d:c6:d0:66:d0	ff:ff:ff:ff:ff:ff	110	436
1788016870.473482946	f8:3d:c6:d0:66:d0	ff:ff:ff:ff:ff:ff	110	437
1788016870.473753047	f8:3d:c6:d0:66:d0	ff:ff:ff:ff:ff:ff	110	438
1788016870.474323273	12:f4:68:a8:8d:2d	ff:ff:ff:ff:ff:ff	352	439
1788016870.474631945	de:1d:d0:ff:71:22	01:00:5e:00:00:fb	151	440
1788016870.474948762	de:1d:d0:ff:71:22	33:33:00:00:00:fb	171	441
1788016870.475739217	ec:74:d7:26:6a:94	ff:ff:ff:ff:ff:ff	564	442
1788016870.475900225	76:69:57:e9:00:d4	ff:ff:ff:ff:ff:ff	60	443
1788016870.476153545	00:01:21:48:26:89	ff:ff:ff:ff:ff:ff	60	444
1788016870.576426987	ec:74:d7:26:69:c4	ff:ff:ff:ff:ff:ff	564	445
1788016870.577556280	12:f4:68:a8:8d:2d	33:33:00:00:00:16	90	446
1788016870.577551581	c0:74:ad:dc:24:5c	ff:ff:ff:ff:ff:ff	564	447
1788016870.577556460	02:9c:26:a3:84:f5	ff:ff:ff:ff:ff:ff	210	448
1788016870.678893072	0e:ef:15:03:c7:1a	ff:ff:ff:ff:ff:ff	60	449
1788016870.678893764	a2:d8:19:46:ee:7d	01:00:5e:00:00:fb	119	450
1788016870.679117679	a2:d8:19:46:ee:7d	33:33:00:00:00:fb	139	451
1788016870.679122507	12:f4:68:a8:8d:2d	ff:ff:ff:ff:ff:ff	60	452
1788016870.679389132	12:f4:68:a8:8d:2d	ff:ff:ff:ff:ff:ff	60	453
1788016870.680306261	ec:74:d7:26:6a:a4	ff:ff:ff:ff:ff:ff	564	454
1788016870.680462992	7e:05:14:52:81:7d	01:00:5e:7f:ff:fa	167	455
1788016870.680805827	00:01:21:48:26:89	ff:ff:ff:ff:ff:ff	60	456
1788016870.680806097	00:01:21:48:26:89	ff:ff:ff:ff:ff:ff	60	457
1788016870.681856203	00:01:21:48:26:89	ff:ff:ff:ff:ff:ff	60	458
1788016870.681846676	c0:74:ad:dc:1e:94	ff:ff:ff:ff:ff:ff	564	459
1788016870.782937543	0e:ef:15:03:c7:1a	ff:ff:ff:ff:ff:ff	60	460
1788016870.782949184	0e:ef:15:03:c7:1a	ff:ff:ff:ff:ff:ff	60	461
1788016870.783306977	0e:ef:15:03:c7:1a	ff:ff:ff:ff:ff:ff	60	462
1788016870.783307438	0e:ef:15:03:c7:1a	ff:ff:ff:ff:ff:ff	60	463
1788016870.783467304	fa:1c:79:a0:42:bd	01:00:5e:00:00:fb	79	464
1788016870.783626720	fa:1c:79:a0:42:bd	33:33:00:00:00:fb	99	465
1788016870.785501033	0e:ef:15:03:c7:1a	ff:ff:ff:ff:ff:ff	60	466
1788016870.785486636	c0:74:ad:dc:1e:b4	ff:ff:ff:ff:ff:ff	564	467
1788016870.785501153	0e:ef:15:03:c7:1a	ff:ff:ff:ff:ff:ff	60	468
1788016870.785501273	0e:ef:15:03:c7:1a	ff:ff:ff:ff:ff:ff	60	469
1788016870.785501394	0e:ef:15:03:c7:1a	ff:ff:ff:ff:ff:ff	60	470
1788016870.789615597	00:01:21:48:26:89	20:58:43:71:e2:64	135	471
1788016870.789692149	20:58:43:71:e2:64	00:01:21:48:26:89	54	472
1788016870.883276526	0e:ef:15:03:c7:1a	ff:ff:ff:ff:ff:ff	60	473
1788016870.883283348	0e:ef:15:03:c7:1a	ff:ff:ff:ff:ff:ff	60	474
1788016870.883283519	28:c5:d2:2c:5e:e8	ff:ff:ff:ff:ff:ff	60	475
1788016870.883283699	28:c5:d2:2c:5e:e8	01:00:5e:7f:ff:fa	212	476
1788016870.884300042	90:10:57:c5:0f:bc	ff:ff:ff:ff:ff:ff	60	477
1788016870.884288581	c0:74:ad:dc:21:48	ff:ff:ff:ff:ff:ff	564	478
1788016870.985392622	e6:97:a1:df:f5:a5	01:00:5e:00:00:fb	119	479
1788016870.985658384	e6:97:a1:df:f5:a5	33:33:00:00:00:fb	139	480
1788016870.985658775	28:c5:d2:27:ce:c8	ff:ff:ff:ff:ff:ff	60	481
1788016870.986217290	b2:79:97:9b:49:90	01:00:5e:7f:ff:fa	199	482
1788016871.088476321	24:b2:b9:19:1c:fb	ff:ff:ff:ff:ff:ff	60	483
1788016871.088487892	a4:55:90:56:c6:7e	ff:ff:ff:ff:ff:ff	60	484
1788016871.088747534	f8:6d:cc:9f:cc:ce	33:33:00:00:00:0c	157	485
1788016871.089033604	f8:6d:cc:9f:cc:ce	01:00:5e:7f:ff:fa	143	486
1788016871.089409520	f8:3d:c6:d0:66:d0	ff:ff:ff:ff:ff:ff	60	487
1788016871.089409941	f8:3d:c6:d0:66:d0	ff:ff:ff:ff:ff:ff	60	488
1788016871.090880987	f8:6d:cc:9f:cc:ce	01:00:5e:7f:ff:fa	666	489
1788016871.091501257	f8:6d:cc:9f:cc:ce	33:33:00:00:00:0c	686	490
1788016871.091513109	f8:6d:cc:9f:cc:ce	33:33:00:00:00:fb	95	491
1788016871.091774313	f8:6d:cc:9f:cc:ce	01:00:5e:00:00:fb	75	492
1788016871.092407015	a2:d8:19:46:ee:7d	01:00:5e:00:00:fb	290	493
1788016871.092415992	f8:6d:cc:9f:cc:ce	01:00:5e:00:00:fb	77	494
1788016871.092673028	f8:6d:cc:9f:cc:ce	33:33:00:00:00:fb	97	495
1788016871.093035510	f8:6d:cc:9f:cc:ce	01:00:5e:00:00:fb	78	496
1788016871.093035931	f8:6d:cc:9f:cc:ce	33:33:00:00:00:fb	98	497
1788016871.093464224	f8:6d:cc:9f:cc:ce	01:00:5e:00:00:fb	75	498
1788016871.093473892	f8:6d:cc:9f:cc:ce	33:33:00:00:00:fb	95	499
1788016871.093822568	f8:6d:cc:9f:cc:ce	01:00:5e:00:00:fb	76	500
1788016871.093879103	f8:6d:cc:9f:cc:ce	33:33:00:00:00:fb	96	501
1788016871.094377447	f8:6d:cc:9f:cc:ce	ff:ff:ff:ff:ff:ff	125	502
1788016871.094377767	f8:6d:cc:9f:cc:ce	ff:ff:ff:ff:ff:ff	70	503
1788016871.094829224	f8:6d:cc:9f:cc:ce	ff:ff:ff:ff:ff:ff	125	504
1788016871.094866243	f8:6d:cc:9f:cc:ce	ff:ff:ff:ff:ff:ff	125	505
1788016871.095256957	f8:6d:cc:9f:cc:ce	ff:ff:ff:ff:ff:ff	70	506
1788016871.095341623	f8:6d:cc:9f:cc:ce	ff:ff:ff:ff:ff:ff	125	507
1788016871.095717931	f8:6d:cc:9f:cc:ce	ff:ff:ff:ff:ff:ff	70	508
1788016871.095718322	f8:6d:cc:9f:cc:ce	ff:ff:ff:ff:ff:ff	70	509
1788016871.096102764	f8:6d:cc:9f:cc:ce	ff:ff:ff:ff:ff:ff	70	510
1788016871.096103115	f8:6d:cc:9f:cc:ce	ff:ff:ff:ff:ff:ff	70	511
1788016871.096489451	f8:6d:cc:9f:cc:ce	ff:ff:ff:ff:ff:ff	70	512
1788016871.096489801	f8:6d:cc:9f:cc:ce	ff:ff:ff:ff:ff:ff	70	513
1788016871.096859426	f8:6d:cc:9f:cc:ce	ff:ff:ff:ff:ff:ff	60	514
1788016871.096859787	f8:6d:cc:9f:cc:ce	ff:ff:ff:ff:ff:ff	60	515
1788016871.097215927	f8:6d:cc:9f:cc:ce	ff:ff:ff:ff:ff:ff	60	516
1788016871.097216278	f8:6d:cc:9f:cc:ce	ff:ff:ff:ff:ff:ff	60	517
1788016871.190537657	ec:74:d7:26:6b:dc	ff:ff:ff:ff:ff:ff	564	518
1788016871.190588050	02:3d:e2:ca:42:77	33:33:00:00:00:fb	139	519
1788016871.191035960	02:3d:e2:ca:42:77	01:00:5e:00:00:fb	119	520
1788016871.293237987	00:01:21:48:26:89	ff:ff:ff:ff:ff:ff	60	521
1788016871.293223720	c0:74:ad:dc:1f:a4	ff:ff:ff:ff:ff:ff	564	522
1788016871.294621561	f8:6d:cc:9f:cc:ce	01:00:5e:7f:ff:fa	666	523
1788016871.294635917	00:01:21:48:26:89	ff:ff:ff:ff:ff:ff	60	524
1788016871.294636097	24:b2:b9:19:1c:fb	ff:ff:ff:ff:ff:ff	60	525
1788016871.294897372	c0:74:ad:dc:20:c4	ff:ff:ff:ff:ff:ff	564	526
1788016871.295060434	24:b2:b9:19:1c:fb	ff:ff:ff:ff:ff:ff	60	527
1788016871.295593041	fa:31:28:36:1a:64	01:00:5e:7f:ff:fa	167	528
1788016871.295604262	f8:3d:c6:d0:66:d0	33:33:00:01:00:02	122	529
1788016871.395085276	f6:1e:06:16:3b:6d	01:00:5e:7f:ff:fa	167	530
1788016871.396577742	f8:6d:cc:9f:cc:ce	33:33:00:00:00:0c	686	531
1788016871.396578453	04:68:74:76:1c:87	33:33:ff:d9:f2:a0	86	532
1788016871.396578643	24:b2:b9:19:1c:fb	ff:ff:ff:ff:ff:ff	60	533
1788016871.397420243	24:b2:b9:19:1c:fb	ff:ff:ff:ff:ff:ff	60	534
1788016871.397408702	ec:74:d7:26:7e:2c	ff:ff:ff:ff:ff:ff	564	535
1788016871.397880506	1e:36:8e:b4:1c:5d	33:33:00:00:00:fb	171	536
1788016871.398134898	1e:36:8e:b4:1c:5d	01:00:5e:00:00:fb	151	537
1788016871.497559337	9e:26:5a:06:8f:06	33:33:00:00:00:02	70	538
1788016871.497864622	ec:74:d7:26:7e:d0	ff:ff:ff:ff:ff:ff	564	539
1788016871.498179877	de:81:f5:b6:7e:78	01:00:5e:7f:ff:fa	167	540
1788016871.498472579	0e:ef:15:03:c7:1a	ff:ff:ff:ff:ff:ff	60	541
1788016871.498472258	a0:85:27:fb:cf:b1	ff:ff:ff:ff:ff:ff	60	542
1788016871.498866028	00:01:21:48:26:89	ff:ff:ff:ff:ff:ff	60	543
1788016871.500629366	f8:6d:cc:9f:cc:ce	01:00:5e:7f:ff:fa	666	544
1788016871.600616839	de:81:f5:b6:7e:78	01:00:5e:7f:ff:fa	167	545
1788016871.600602432	ec:74:d7:26:69:c4	ff:ff:ff:ff:ff:ff	564	546
1788016871.600617019	ea:77:1c:f0:c7:59	ff:ff:ff:ff:ff:ff	42	547
1788016871.601935583	90:10:57:c5:0f:bc	ff:ff:ff:ff:ff:ff	60	548
1788016871.601949829	24:b2:b9:19:1c:fb	ff:ff:ff:ff:ff:ff	60	549
1788016871.702662405	fa:1c:79:a0:42:bd	33:33:00:00:00:16	90	550
1788016871.703528420	fa:1c:79:a0:42:bd	33:33:00:00:00:16	90	551
1788016871.703516819	c0:74:ad:dc:22:98	ff:ff:ff:ff:ff:ff	564	552
1788016871.703947727	de:81:f5:b6:7e:78	01:00:5e:7f:ff:fa	167	553
1788016871.704168236	0e:ef:15:03:c7:1a	ff:ff:ff:ff:ff:ff	60	554
1788016871.704179898	0e:ef:15:03:c7:1a	ff:ff:ff:ff:ff:ff	60	555
1788016871.704436563	28:c5:d2:27:ce:c8	ff:ff:ff:ff:ff:ff	60	556
1788016871.803765486	0e:ef:15:03:c7:1a	ff:ff:ff:ff:ff:ff	60	557
1788016871.803903592	0e:ef:15:03:c7:1a	ff:ff:ff:ff:ff:ff	60	558
1788016871.805430832	c0:35:32:3a:07:5f	ff:ff:ff:ff:ff:ff	60	559
1788016871.805416485	ec:74:d7:26:7f:5c	ff:ff:ff:ff:ff:ff	564	560
1788016871.805431192	c0:35:32:3a:07:5f	ff:ff:ff:ff:ff:ff	60	561
1788016871.805431012	3c:64:cf:3b:f6:5b	ff:ff:ff:ff:ff:ff	60	562
1788016871.805552387	a4:55:90:56:c6:7e	ff:ff:ff:ff:ff:ff	60	563
1788016871.907634411	f8:6d:cc:9f:cc:ce	33:33:00:00:00:0c	686	564
1788016871.907640502	0e:ef:15:03:c7:1a	ff:ff:ff:ff:ff:ff	60	565
1788016871.907640622	28:c5:d2:27:ce:c8	ff:ff:ff:ff:ff:ff	60	566
1788016871.907640743	0e:ef:15:03:c7:1a	ff:ff:ff:ff:ff:ff	60	567
1788016871.907886227	0e:ef:15:03:c7:1a	ff:ff:ff:ff:ff:ff	60	568
1788016871.907947912	12:f4:68:a8:8d:2d	ff:ff:ff:ff:ff:ff	60	569
1788016871.908420928	60:ff:9e:1f:06:6e	ff:ff:ff:ff:ff:ff	60	570
1788016871.909201836	0e:ef:15:03:c7:1a	ff:ff:ff:ff:ff:ff	60	571
1788016871.909190404	c0:74:ad:dc:1f:d0	ff:ff:ff:ff:ff:ff	564	572
1788016871.909507522	ba:2c:1a:e5:48:eb	ff:ff:ff:ff:ff:ff	92	573
1788016871.909507853	24:b2:b9:19:1c:fb	ff:ff:ff:ff:ff:ff	60	574
1788016872.009747654	0e:ef:15:03:c7:1a	ff:ff:ff:ff:ff:ff	60	575
1788016872.009752473	0e:ef:15:03:c7:1a	ff:ff:ff:ff:ff:ff	60	576
1788016872.009871674	8a:03:3d:66:f7:cd	ff:ff:ff:ff:ff:ff	60	577
1788016872.010815623	ec:74:d7:26:86:78	ff:ff:ff:ff:ff:ff	564	578
1788016872.010971061	0e:ef:15:03:c7:1a	ff:ff:ff:ff:ff:ff	60	579
1788016872.011352047	b2:79:97:9b:49:90	01:00:5e:7f:ff:fa	199	580
1788016872.111868009	28:c5:d2:2c:5e:e8	01:00:5e:7f:ff:fa	212	581
1788016872.112034227	f8:6d:cc:9f:cc:ce	33:33:00:00:00:fb	102	582
1788016872.112319346	f8:6d:cc:9f:cc:ce	01:00:5e:00:00:fb	82	583
1788016872.113228871	f8:6d:cc:9f:cc:ce	01:00:5e:7f:ff:fa	666	584
1788016872.113385952	f4:d1:08:d0:10:5b	ff:ff:ff:ff:ff:ff	60	585
1788016872.113625096	f8:6d:cc:9f:cc:ce	33:33:00:00:00:fb	95	586
1788016872.113823874	f8:6d:cc:9f:cc:ce	01:00:5e:00:00:fb	75	587
1788016872.114023825	f8:6d:cc:9f:cc:ce	01:00:5e:00:00:fb	77	588
1788016872.114254192	f8:6d:cc:9f:cc:ce	33:33:00:00:00:fb	97	589
1788016872.114449423	f8:6d:cc:9f:cc:ce	01:00:5e:00:00:fb	75	590
1788016872.114652910	f8:6d:cc:9f:cc:ce	01:00:5e:00:00:fb	76	591
1788016872.114852300	f8:6d:cc:9f:cc:ce	01:00:5e:00:00:fb	78	592
1788016872.115076636	f8:6d:cc:9f:cc:ce	33:33:00:00:00:fb	96	593
1788016872.115300801	f8:6d:cc:9f:cc:ce	33:33:00:00:00:fb	95	594
1788016872.115531268	f8:6d:cc:9f:cc:ce	33:33:00:00:00:fb	98	595
1788016872.214646615	20:23:51:c3:7b:98	ff:ff:ff:ff:ff:ff	546	596
1788016872.215486872	c0:74:ad:dc:20:14	ff:ff:ff:ff:ff:ff	564	597
1788016872.215767763	76:77:cd:6c:85:28	33:33:00:00:00:fb	180	598
1788016872.215945081	76:77:cd:6c:85:28	01:00:5e:00:00:fb	160	599
1788016872.316838202	ec:74:d7:26:84:28	ff:ff:ff:ff:ff:ff	564	600
1788016872.316968484	ea:0c:56:ea:0e:d0	ff:ff:ff:ff:ff:ff	60	601
1788016872.317846621	ec:74:d7:26:6a:ec	ff:ff:ff:ff:ff:ff	564	602
1788016872.318017558	00:01:21:48:26:89	ff:ff:ff:ff:ff:ff	60	603
1788016872.318772648	7e:b4:44:82:1b:ad	01:00:5e:00:00:fb	482	604
1788016872.319546121	7e:b4:44:82:1b:ad	33:33:00:00:00:fb	502	605
1788016872.319790734	e0:8f:4c:36:b5:37	33:33:00:01:00:02	122	606
1788016872.320671326	ec:74:d7:26:67:a4	ff:ff:ff:ff:ff:ff	564	607
1788016872.320913455	28:c5:d2:27:ce:c8	ff:ff:ff:ff:ff:ff	60	608
1788016872.418752236	24:b2:b9:19:1c:fb	ff:ff:ff:ff:ff:ff	60	609
1788016872.420625247	c0:74:ad:dc:1e:64	ff:ff:ff:ff:ff:ff	564	610
1788016872.420629895	c0:74:ad:dc:1e:64	ff:ff:ff:ff:ff:ff	564	611
1788016872.420977159	ea:0c:56:ea:0e:d0	33:33:ff:ea:0e:d0	86	612
1788016872.420977479	ea:0c:56:ea:0e:d0	33:33:00:00:00:16	90	613
1788016872.499324127	20:58:43:71:e2:64	00:01:21:48:26:89	54	614
1788016872.505105862	00:01:21:48:26:89	20:58:43:71:e2:64	60	615
1788016872.521307768	ea:0c:56:ea:0e:d0	ff:ff:ff:ff:ff:ff	346	616
1788016872.521509702	ea:7f:8e:21:2f:a6	33:33:00:00:00:fb	139	617
1788016872.521841086	ea:7f:8e:21:2f:a6	01:00:5e:00:00:fb	119	618
1788016872.625522355	c0:74:ad:dc:23:fc	ff:ff:ff:ff:ff:ff	564	619
1788016872.626268978	04:68:74:76:1c:87	ff:ff:ff:ff:ff:ff	60	620
1788016872.626257196	c0:74:ad:dc:23:fc	ff:ff:ff:ff:ff:ff	564	621
1788016872.626529812	24:b2:b9:19:1c:fb	ff:ff:ff:ff:ff:ff	60	622
1788016872.627781602	90:10:57:c5:0f:bc	ff:ff:ff:ff:ff:ff	60	623
1788016872.627767335	ec:74:d7:26:86:64	ff:ff:ff:ff:ff:ff	564	624
1788016872.726313757	60:ff:9e:1f:06:6e	ff:ff:ff:ff:ff:ff	60	625
1788016872.726320550	72:1d:96:b5:a8:96	33:33:00:00:00:02	70	626
1788016872.726589338	0e:ef:15:03:c7:1a	ff:ff:ff:ff:ff:ff	60	627
1788016872.726589759	0e:ef:15:03:c7:1a	ff:ff:ff:ff:ff:ff	60	628
1788016872.726994769	0e:ef:15:03:c7:1a	ff:ff:ff:ff:ff:ff	60	629
1788016872.726995050	0e:ef:15:03:c7:1a	ff:ff:ff:ff:ff:ff	60	630
1788016872.727132625	f4:d1:08:d0:10:5b	ff:ff:ff:ff:ff:ff	60	631
1788016872.727513881	00:01:21:48:26:89	ff:ff:ff:ff:ff:ff	60	632
1788016872.727514282	00:01:21:48:26:89	ff:ff:ff:ff:ff:ff	60	633
1788016872.727652228	00:01:21:48:26:89	ff:ff:ff:ff:ff:ff	60	634
1788016872.728032292	0e:ef:15:03:c7:1a	ff:ff:ff:ff:ff:ff	60	635
1788016872.728032733	c0:e4:34:bf:ed:ab	ff:ff:ff:ff:ff:ff	60	636
1788016872.728216103	0e:ef:15:03:c7:1a	ff:ff:ff:ff:ff:ff	60	637
1788016872.728582722	0e:ef:15:03:c7:1a	ff:ff:ff:ff:ff:ff	60	638
1788016872.828010298	0e:ef:15:03:c7:1a	ff:ff:ff:ff:ff:ff	60	639
1788016872.829319875	f8:3d:c6:d0:66:d0	01:00:5e:7f:ff:fa	179	640
1788016872.829305789	ec:74:d7:26:84:a0	ff:ff:ff:ff:ff:ff	564	641
1788016872.830323575	f8:6d:cc:9f:cc:ce	33:33:00:00:00:0c	686	642
1788016872.830335487	28:c5:d2:27:ce:c8	ff:ff:ff:ff:ff:ff	60	643
1788016872.931477660	28:c5:d2:2c:5e:e8	01:00:5e:7f:ff:fa	212	644
1788016872.931463143	ec:74:d7:26:7f:a4	ff:ff:ff:ff:ff:ff	564	645
1788016872.931615746	28:c5:d2:27:ce:c8	ff:ff:ff:ff:ff:ff	60	646
1788016872.938579581	00:01:21:48:26:89	20:58:43:71:e2:64	78	647
1788016872.938805139	20:58:43:71:e2:64	00:01:21:48:26:89	82	648
1788016872.941010777	00:01:21:48:26:89	20:58:43:71:e2:64	60	649
1788016873.032930131	24:b2:b9:19:1c:fb	ff:ff:ff:ff:ff:ff	60	650
1788016873.034496524	ec:74:d7:26:8b:60	ff:ff:ff:ff:ff:ff	564	651
1788016873.034899992	24:b2:b9:19:1c:fb	ff:ff:ff:ff:ff:ff	60	652
1788016873.034888591	ec:74:d7:26:8b:60	ff:ff:ff:ff:ff:ff	564	653
1788016873.035171425	b2:79:97:9b:49:90	01:00:5e:7f:ff:fa	199	654
1788016873.035463747	d2:b5:0d:c4:b3:11	33:33:00:00:00:fb	139	655
1788016873.035875329	d2:b5:0d:c4:b3:11	01:00:5e:00:00:fb	119	656
1788016873.036051456	9e:29:55:35:94:e7	33:33:00:00:00:fb	155	657
1788016873.036552705	9e:29:55:35:94:e7	01:00:5e:00:00:fb	135	658
1788016873.036553025	52:58:33:54:ef:01	33:33:00:00:00:fb	106	659
1788016873.037681707	7e:bc:37:11:db:10	33:33:00:00:00:fb	596	660
1788016873.038458818	7e:bc:37:11:db:10	01:00:5e:00:00:fb	576	661
1788016873.039016872	52:58:33:54:ef:01	ff:ff:ff:ff:ff:ff	342	662
1788016873.039017202	f8:3d:c6:d0:66:d0	ff:ff:ff:ff:ff:ff	60	663
1788016873.040115458	ec:74:d7:26:88:18	ff:ff:ff:ff:ff:ff	564	664
1788016873.135020922	f8:6d:cc:9f:cc:ce	33:33:00:00:00:fb	102	665
1788016873.135311540	f8:6d:cc:9f:cc:ce	01:00:5e:00:00:fb	82	666
1788016873.135610114	72:0d:57:ee:67:f0	33:33:00:00:00:fb	139	667
1788016873.135781952	72:0d:57:ee:67:f0	01:00:5e:00:00:fb	119	668
1788016873.136116322	e6:cd:5f:28:ab:d0	01:00:5e:7f:ff:fa	167	669
1788016873.136286077	24:b2:b9:19:1c:fb	ff:ff:ff:ff:ff:ff	60	670
1788016873.136780343	f8:3d:c6:d0:66:d0	01:00:5e:7f:ff:fa	179	671
1788016873.137744940	06:80:0d:76:7f:6e	01:00:5e:00:00:fb	580	672
1788016873.138549441	06:80:0d:76:7f:6e	33:33:00:00:00:fb	600	673
1788016873.138926971	ee:7e:a8:c7:7d:73	01:00:5e:00:00:fb	135	674
1788016873.138938482	f4:d1:08:d0:10:5b	ff:ff:ff:ff:ff:ff	60	675
1788016873.139447877	f8:3d:c6:d0:66:d0	01:00:5e:7f:ff:fa	179	676
1788016873.139448177	92:78:a3:81:07:a6	ff:ff:ff:ff:ff:ff	60	677
1788016873.237679495	ea:0c:56:ea:0e:d0	33:33:00:00:00:16	90	678
1788016873.237689885	ea:0c:56:ea:0e:d0	33:33:00:00:00:02	70	679
1788016873.238725163	ec:74:d7:26:6a:ac	ff:ff:ff:ff:ff:ff	564	680
1788016873.239697395	f8:6d:cc:9f:cc:ce	01:00:5e:7f:ff:fa	666	681
1788016873.240378558	76:90:ea:e0:5a:4e	33:33:00:00:00:fb	452	682
1788016873.241056244	76:90:ea:e0:5a:4e	01:00:5e:00:00:fb	432	683
1788016873.241906670	ec:74:d7:26:88:e0	ff:ff:ff:ff:ff:ff	564	684
1788016873.242764339	ec:74:d7:26:6a:ec	ff:ff:ff:ff:ff:ff	564	685
1788016873.340749812	ea:0c:56:ea:0e:d0	33:33:00:00:00:16	90	686
1788016873.340754481	a4:55:90:56:c6:7e	ff:ff:ff:ff:ff:ff	60	687
1788016873.340754661	24:b2:b9:19:1c:fb	ff:ff:ff:ff:ff:ff	60	688
1788016873.342145429	92:d0:5e:87:c0:a4	01:00:5e:00:00:fb	135	689
1788016873.342140750	ec:74:d7:26:89:3c	ff:ff:ff:ff:ff:ff	564	690
1788016873.342145549	92:d0:5e:87:c0:a4	33:33:00:00:00:fb	155	691
1788016873.342365076	28:c5:d2:27:ce:c8	ff:ff:ff:ff:ff:ff	60	692
1788016873.445449709	ea:0c:56:ea:0e:d0	ff:ff:ff:ff:ff:ff	346	693
1788016873.445621988	c0:74:ad:dc:20:90	ff:ff:ff:ff:ff:ff	564	694
1788016873.446003165	de:81:f5:b6:7e:78	01:00:5e:00:00:fb	103	695
1788016873.446011961	c6:fd:1a:4a:2d:87	01:00:5e:00:00:16	60	696
1788016873.446346351	3e:75:81:c0:f7:8f	33:33:00:00:00:fb	123	697
1788016873.446508902	3e:75:81:c0:f7:8f	01:00:5e:00:00:fb	103	698
1788016873.446955279	3e:75:81:c0:f7:8f	33:33:00:00:00:fb	139	699
1788016873.447170218	3e:75:81:c0:f7:8f	01:00:5e:00:00:fb	119	700
1788016873.447329794	3e:75:81:c0:f7:8f	33:33:00:00:00:fb	139	701
1788016873.447654165	3e:75:81:c0:f7:8f	01:00:5e:00:00:fb	119	702
1788016873.447945384	3e:75:81:c0:f7:8f	01:00:5e:00:00:fb	135	703
1788016873.448235372	3e:75:81:c0:f7:8f	33:33:00:00:00:fb	155	704
1788016873.448549855	3e:75:81:c0:f7:8f	01:00:5e:00:00:fb	151	705
1788016873.448962189	3e:75:81:c0:f7:8f	33:33:00:00:00:fb	171	706
1788016873.449305485	52:41:e7:a7:82:11	01:00:5e:7f:ff:fa	167	707
1788016873.546560284	ea:0c:56:ea:0e:d0	ff:ff:ff:ff:ff:ff	356	708
1788016873.546565063	c6:fd:1a:4a:2d:87	01:00:5e:00:00:16	60	709
1788016873.546565233	c6:fd:1a:4a:2d:87	33:33:00:00:00:16	90	710
1788016873.546565413	c6:fd:1a:4a:2d:87	01:00:5e:00:00:fb	82	711
1788016873.546747390	c6:fd:1a:4a:2d:87	33:33:00:00:00:fb	102	712
1788016873.546805919	c6:fd:1a:4a:2d:87	33:33:00:00:00:fb	123	713
1788016873.547333417	c6:fd:1a:4a:2d:87	33:33:00:00:00:fb	139	714
1788016873.547345228	c6:fd:1a:4a:2d:87	01:00:5e:00:00:fb	103	715
1788016873.547613806	c6:fd:1a:4a:2d:87	01:00:5e:00:00:fb	119	716
1788016873.547897963	0e:ef:15:03:c7:1a	ff:ff:ff:ff:ff:ff	60	717
1788016873.547950831	ea:0c:56:ea:0e:d0	ff:ff:ff:ff:ff:ff	60	718
1788016873.549005165	c0:74:ad:dc:23:fc	ff:ff:ff:ff:ff:ff	564	719
1788016873.549961437	c0:74:ad:dc:24:5c	ff:ff:ff:ff:ff:ff	564	720
1788016873.647087257	00:01:21:48:26:89	ff:ff:ff:ff:ff:ff	60	721
1788016873.647099048	60:ff:9e:1f:06:6e	ff:ff:ff:ff:ff:ff	60	722
1788016873.749718770	0e:ef:15:03:c7:1a	ff:ff:ff:ff:ff:ff	60	723
1788016873.749733287	0e:ef:15:03:c7:1a	ff:ff:ff:ff:ff:ff	60	724
1788016873.751236683	f4:d1:08:d0:10:5b	ff:ff:ff:ff:ff:ff	60	725
1788016873.751235872	c0:74:ad:dc:1e:94	ff:ff:ff:ff:ff:ff	564	726
1788016873.751236894	24:b2:b9:19:1c:fb	ff:ff:ff:ff:ff:ff	60	727
1788016873.751237094	0e:ef:15:03:c7:1a	ff:ff:ff:ff:ff:ff	60	728
1788016873.751237294	be:b3:51:01:2d:df	01:00:5e:00:00:fb	119	729
1788016873.751508166	be:b3:51:01:2d:df	33:33:00:00:00:fb	139	730
1788016873.751674495	0e:ef:15:03:c7:1a	ff:ff:ff:ff:ff:ff	60	731
1788016873.751830955	00:01:21:48:26:89	ff:ff:ff:ff:ff:ff	60	732
1788016873.752170564	24:b2:b9:19:1c:fb	ff:ff:ff:ff:ff:ff	60	733
1788016873.752183468	ea:0c:56:ea:0e:d0	33:33:00:00:00:16	90	734
1788016873.752441646	0e:ef:15:03:c7:1a	ff:ff:ff:ff:ff:ff	60	735
1788016873.853518168	f8:3d:c6:d0:66:d0	01:00:5e:7f:ff:fa	179	736
1788016873.853919612	c0:74:ad:dc:1f:78	ff:ff:ff:ff:ff:ff	564	737
1788016873.854077374	0e:ef:15:03:c7:1a	ff:ff:ff:ff:ff:ff	60	738
1788016873.854250615	28:c5:d2:27:ce:c8	ff:ff:ff:ff:ff:ff	60	739
1788016873.854595224	16:e2:30:b4:58:bf	33:33:00:00:00:fb	139	740
1788016873.854771871	ae:92:30:ef:97:0d	33:33:00:00:00:fb	139	741
1788016873.855096824	ae:92:30:ef:97:0d	01:00:5e:00:00:fb	119	742
1788016873.855270375	16:e2:30:b4:58:bf	01:00:5e:00:00:fb	119	743
1788016873.856211059	c0:74:ad:dc:21:48	ff:ff:ff:ff:ff:ff	564	744
1788016873.955486573	0e:ef:15:03:c7:1a	ff:ff:ff:ff:ff:ff	60	745
1788016873.955471866	c0:74:ad:dc:1f:d0	ff:ff:ff:ff:ff:ff	564	746
1788016873.955486453	3c:64:cf:3b:f6:5b	ff:ff:ff:ff:ff:ff	60	747
1788016873.955622805	0e:ef:15:03:c7:1a	ff:ff:ff:ff:ff:ff	60	748
1788016873.955852701	0e:ef:15:03:c7:1a	ff:ff:ff:ff:ff:ff	60	749
1788016873.956030010	0e:ef:15:03:c7:1a	ff:ff:ff:ff:ff:ff	60	750
1788016873.956214833	0e:ef:15:03:c7:1a	ff:ff:ff:ff:ff:ff	60	751
1788016873.956603022	60:ff:9e:50:6e:88	01:00:5e:4d:4d:4d	155	752
1788016873.956854288	1e:92:3b:1b:d9:1b	33:33:00:00:00:fb	139	753
1788016873.957069006	1e:92:3b:1b:d9:1b	01:00:5e:00:00:fb	119	754
1788016874.057822374	ec:74:d7:26:86:78	ff:ff:ff:ff:ff:ff	564	755
1788016874.059015926	28:c5:d2:27:ce:c8	ff:ff:ff:ff:ff:ff	60	756
1788016874.059002010	ec:74:d7:26:86:78	ff:ff:ff:ff:ff:ff	564	757
1788016874.059577617	ec:74:d7:26:6a:a8	ff:ff:ff:ff:ff:ff	564	758
1788016874.059932846	42:b1:44:06:2b:79	01:00:5e:7f:ff:fa	167	759
1788016874.061195947	be:b3:51:01:2d:df	01:00:5e:00:00:fb	480	760
1788016874.061210444	be:b3:51:01:2d:df	33:33:00:00:00:fb	500	761
1788016874.061471417	8e:d3:df:a9:3e:65	33:33:00:00:00:fb	139	762
1788016874.061895293	8e:d3:df:a9:3e:65	01:00:5e:00:00:fb	119	763
1788016874.062076328	b2:79:97:9b:49:90	01:00:5e:7f:ff:fa	199	764
1788016874.062652777	28:c5:d2:2c:5e:e8	01:00:5e:7f:ff:fa	212	765
1788016874.062709362	f8:6d:cc:9f:cc:ce	01:00:5e:7f:ff:fa	143	766
1788016874.063227492	f8:6d:cc:9f:cc:ce	33:33:00:00:00:0c	157	767
1788016874.064200165	b2:79:97:9b:49:90	ff:ff:ff:ff:ff:ff	60	768
1788016874.064199844	ec:74:d7:26:88:18	ff:ff:ff:ff:ff:ff	564	769
1788016874.064499269	ea:07:ae:10:0a:a9	33:33:00:00:00:fb	171	770
1788016874.064910922	ea:07:ae:10:0a:a9	01:00:5e:00:00:fb	151	771
1788016874.066360539	3a:40:b4:1c:bf:54	33:33:00:00:00:fb	427	772
1788016874.066369526	a4:55:90:56:c6:7e	ff:ff:ff:ff:ff:ff	60	773
1788016874.160070547	f8:6d:cc:9f:cc:ce	33:33:00:00:00:fb	95	774
1788016874.160075306	f8:6d:cc:9f:cc:ce	01:00:5e:00:00:fb	75	775
1788016874.160075426	f8:6d:cc:9f:cc:ce	ff:ff:ff:ff:ff:ff	70	776
1788016874.160342551	f8:6d:cc:9f:cc:ce	ff:ff:ff:ff:ff:ff	70	777
1788016874.160342962	f8:6d:cc:9f:cc:ce	ff:ff:ff:ff:ff:ff	70	778
1788016874.160828642	f8:6d:cc:9f:cc:ce	ff:ff:ff:ff:ff:ff	70	779
1788016874.160829063	f8:6d:cc:9f:cc:ce	ff:ff:ff:ff:ff:ff	70	780
1788016874.161072674	f8:6d:cc:9f:cc:ce	ff:ff:ff:ff:ff:ff	70	781
1788016874.161388931	f8:6d:cc:9f:cc:ce	ff:ff:ff:ff:ff:ff	125	782
1788016874.161389351	f8:6d:cc:9f:cc:ce	ff:ff:ff:ff:ff:ff	70	783
1788016874.161657378	f8:6d:cc:9f:cc:ce	01:00:5e:00:00:fb	77	784
1788016874.161977171	f8:6d:cc:9f:cc:ce	ff:ff:ff:ff:ff:ff	70	785
1788016874.161977592	f8:6d:cc:9f:cc:ce	33:33:00:00:00:fb	97	786
1788016874.162398331	f8:6d:cc:9f:cc:ce	01:00:5e:00:00:fb	76	787
1788016874.262894978	ee:cb:db:2a:c3:07	33:33:00:00:00:fb	139	788
1788016874.263132769	ee:cb:db:2a:c3:07	01:00:5e:00:00:fb	119	789
1788016874.263982825	c0:74:ad:dc:1f:a4	ff:ff:ff:ff:ff:ff	564	790
1788016874.264283752	ee:7e:a8:c7:7d:73	33:33:00:00:00:fb	155	791
1788016874.264459518	24:b2:b9:19:1c:fb	ff:ff:ff:ff:ff:ff	60	792
1788016874.265321977	c0:74:ad:dc:20:c4	ff:ff:ff:ff:ff:ff	564	793
1788016874.364916492	ec:74:d7:26:67:a4	ff:ff:ff:ff:ff:ff	564	794
1788016874.364927863	4a:ea:1c:31:9c:a1	ff:ff:ff:ff:ff:ff	60	795
1788016874.365302998	ea:0c:56:ea:0e:d0	33:33:00:00:00:16	130	796
1788016874.366382889	c0:74:ad:dc:1e:c4	ff:ff:ff:ff:ff:ff	564	797
1788016874.467775497	c0:74:ad:dc:1f:30	ff:ff:ff:ff:ff:ff	564	798
1788016874.468171691	c0:74:ad:dc:1f:98	ff:ff:ff:ff:ff:ff	564	799
1788016874.468534343	c6:fd:1a:4a:2d:87	33:33:00:00:00:fb	139	800
1788016874.468545875	c6:fd:1a:4a:2d:87	01:00:5e:00:00:fb	119	801
1788016874.469527374	c0:74:ad:dc:20:90	ff:ff:ff:ff:ff:ff	564	802
1788016874.470342395	c0:74:ad:dc:20:90	ff:ff:ff:ff:ff:ff	564	803
1788016874.470376468	de:81:f5:b6:7e:78	01:00:5e:00:00:fb	103	804
1788016874.470894959	3e:75:81:c0:f7:8f	01:00:5e:00:00:fb	151	805
1788016874.471217246	3e:75:81:c0:f7:8f	33:33:00:00:00:fb	171	806
1788016874.570702889	ec:74:d7:26:69:c4	ff:ff:ff:ff:ff:ff	564	807
1788016874.570997365	c0:74:ad:dc:23:fc	ff:ff:ff:ff:ff:ff	564	808
1788016874.671632549	2e:b0:b6:7e:e7:03	33:33:00:00:00:fb	155	809
1788016874.671637408	2e:b0:b6:7e:e7:03	01:00:5e:00:00:fb	135	810
1788016874.671882152	7e:13:58:ca:2a:52	01:00:5e:00:00:fb	135	811
1788016874.672449443	7e:13:58:ca:2a:52	33:33:00:00:00:fb	155	812
1788016874.672461055	00:01:21:48:26:89	ff:ff:ff:ff:ff:ff	60	813
1788016874.672461175	ea:0c:56:ea:0e:d0	33:33:00:00:00:16	130	814
1788016874.774431574	c0:74:ad:dc:1e:94	ff:ff:ff:ff:ff:ff	564	815
1788016874.774474684	e6:d7:ad:aa:49:8b	01:00:5e:00:00:fb	119	816
1788016874.774778216	e6:d7:ad:aa:49:8b	33:33:00:00:00:fb	139	817
1788016874.774945747	28:c5:d2:27:ce:c8	ff:ff:ff:ff:ff:ff	60	818
1788016874.775309902	24:b2:b9:19:1c:fb	ff:ff:ff:ff:ff:ff	60	819
1788016874.775318818	24:b2:b9:19:1c:fb	ff:ff:ff:ff:ff:ff	60	820
1788016874.775550187	00:01:21:48:26:89	ff:ff:ff:ff:ff:ff	60	821
1788016874.775825648	94:bb:43:b5:91:38	ff:ff:ff:ff:ff:ff	60	822
1788016874.775826028	24:b2:b9:19:1c:fb	ff:ff:ff:ff:ff:ff	60	823
1788016874.776176328	94:bb:43:b5:91:38	ff:ff:ff:ff:ff:ff	60	824
1788016874.877408949	f8:6d:cc:9f:cc:ce	33:33:00:00:00:0c	686	825
1788016874.878681037	ec:74:d7:26:6a:60	ff:ff:ff:ff:ff:ff	564	826
1788016874.879346620	76:69:57:e9:00:d4	ff:ff:ff:ff:ff:ff	60	827
1788016874.879337033	ec:74:d7:26:6a:60	ff:ff:ff:ff:ff:ff	564	828
1788016874.879472564	28:c5:d2:27:ce:c8	ff:ff:ff:ff:ff:ff	60	829
1788016874.879533887	28:c5:d2:27:ce:c8	ff:ff:ff:ff:ff:ff	60	830
1788016874.879983020	a4:55:90:56:c6:7e	ff:ff:ff:ff:ff:ff	60	831
1788016874.881105701	ec:74:d7:26:69:94	ff:ff:ff:ff:ff:ff	564	832
1788016874.881689623	0e:ef:15:03:c7:1a	ff:ff:ff:ff:ff:ff	60	833
1788016874.881678462	ec:74:d7:26:69:94	ff:ff:ff:ff:ff:ff	564	834
1788016874.881803594	0e:ef:15:03:c7:1a	ff:ff:ff:ff:ff:ff	60	835
1788016874.882033601	f8:3d:c6:9d:92:4a	ff:ff:ff:ff:ff:ff	60	836
1788016874.882941433	c0:74:ad:dc:1f:d0	ff:ff:ff:ff:ff:ff	564	837
1788016874.883314765	58:02:05:7e:68:60	ff:ff:ff:ff:ff:ff	60	838
1788016874.883315056	d6:bf:1e:21:55:cb	33:33:00:00:00:fb	139	839
1788016874.883598160	d6:bf:1e:21:55:cb	01:00:5e:00:00:fb	119	840
1788016874.883754971	90:10:57:c5:0f:bc	ff:ff:ff:ff:ff:ff	60	841
1788016874.883948370	58:02:05:7e:68:60	ff:ff:ff:ff:ff:ff	60	842
1788016874.979596640	0e:ef:15:03:c7:1a	ff:ff:ff:ff:ff:ff	60	843
1788016874.979610676	f8:3d:c6:9d:92:4a	ff:ff:ff:ff:ff:ff	60	844
1788016874.979610857	24:b2:b9:19:1c:fb	33:33:ff:5c:fb:93	86	845
1788016875.081573319	94:bb:43:b5:91:38	ff:ff:ff:ff:ff:ff	60	846
1788016875.081574291	3e:2d:60:f8:0d:cd	33:33:00:00:00:fb	139	847
1788016875.081674396	3e:2d:60:f8:0d:cd	01:00:5e:00:00:fb	119	848
1788016875.081856043	e6:97:35:e9:a9:e9	33:33:00:00:00:fb	123	849
1788016875.082191405	f8:6d:cc:9f:cc:ce	01:00:5e:00:00:fb	82	850
1788016875.082323019	e6:97:35:e9:a9:e9	01:00:5e:00:00:fb	103	851
1788016875.082645627	f8:6d:cc:9f:cc:ce	33:33:00:00:00:fb	102	852
1788016875.083013158	b2:79:97:9b:49:90	01:00:5e:7f:ff:fa	199	853
1788016875.083316740	0e:ef:15:03:c7:1a	ff:ff:ff:ff:ff:ff	60	854
1788016875.083323022	0e:ef:15:03:c7:1a	ff:ff:ff:ff:ff:ff	60	855
1788016875.083447082	0e:ef:15:03:c7:1a	ff:ff:ff:ff:ff:ff	60	856
1788016875.083706563	0e:ef:15:03:c7:1a	ff:ff:ff:ff:ff:ff	60	857
1788016875.083765232	0e:ef:15:03:c7:1a	ff:ff:ff:ff:ff:ff	60	858
1788016875.183508042	0e:ef:15:03:c7:1a	ff:ff:ff:ff:ff:ff	60	859
1788016875.183521917	0e:ef:15:03:c7:1a	ff:ff:ff:ff:ff:ff	60	860
1788016875.184071596	e0:8f:4c:2b:18:cb	01:00:5e:7f:ff:fa	212	861
1788016875.184071917	0e:ef:15:03:c7:1a	ff:ff:ff:ff:ff:ff	60	862
1788016875.184345334	0e:ef:15:03:c7:1a	ff:ff:ff:ff:ff:ff	60	863
1788016875.185639713	c0:74:ad:dc:20:14	ff:ff:ff:ff:ff:ff	564	864
1788016875.186049072	c0:74:ad:dc:20:14	ff:ff:ff:ff:ff:ff	564	865
1788016875.289892873	f8:6d:cc:9f:cc:ce	01:00:5e:7f:ff:fa	666	866
1788016875.290224428	4a:ea:1c:31:9c:a1	ff:ff:ff:ff:ff:ff	350	867
1788016875.290485051	ce:e6:2d:34:b8:3c	33:33:00:00:00:fb	155	868
1788016875.290643645	ce:e6:2d:34:b8:3c	01:00:5e:00:00:fb	135	869
1788016875.291755315	ec:74:d7:26:8a:d8	ff:ff:ff:ff:ff:ff	564	870
1788016875.292568863	ec:74:d7:26:88:e0	ff:ff:ff:ff:ff:ff	564	871
1788016875.292833033	b6:a5:82:61:85:6f	33:33:00:00:00:fb	139	872
1788016875.292890319	b6:a5:82:61:85:6f	01:00:5e:00:00:fb	119	873
1788016875.293445819	22:29:c0:0c:94:52	33:33:00:00:00:fb	139	874
1788016875.293459764	22:29:c0:0c:94:52	01:00:5e:00:00:fb	119	875
1788016875.294498500	d6:5d:b4:77:bc:49	ff:ff:ff:ff:ff:ff	60	876
1788016875.294486117	ec:74:d7:26:6a:ec	ff:ff:ff:ff:ff:ff	564	877
1788016875.294757300	c0:e4:34:bf:ed:ab	ff:ff:ff:ff:ff:ff	60	878
1788016875.388149779	94:bb:43:b5:91:38	ff:ff:ff:ff:ff:ff	60	879
1788016875.388174044	28:c5:d2:27:ce:c8	ff:ff:ff:ff:ff:ff	60	880
1788016875.389171332	c0:74:ad:dc:1e:c4	ff:ff:ff:ff:ff:ff	564	881
1788016875.491355477	c0:74:ad:dc:1f:98	ff:ff:ff:ff:ff:ff	564	882
1788016875.492811857	c6:fd:1a:4a:2d:87	01:00:5e:00:00:fb	119	883
1788016875.492806988	c0:74:ad:dc:20:90	ff:ff:ff:ff:ff:ff	564	884
1788016875.492812037	c6:fd:1a:4a:2d:87	33:33:00:00:00:fb	139	885
1788016875.493042074	3e:75:81:c0:f7:8f	01:00:5e:00:00:fb	151	886
1788016875.493049207	24:b2:b9:19:1c:fb	ff:ff:ff:ff:ff:ff	60	887
1788016875.493306163	3e:75:81:c0:f7:8f	33:33:00:00:00:fb	171	888
1788016875.493916424	1e:9b:0d:6f:01:a4	33:33:00:00:00:fb	139	889
1788016875.493927936	1e:9b:0d:6f:01:a4	01:00:5e:00:00:fb	119	890
1788016875.494330512	94:bb:43:b5:91:38	ff:ff:ff:ff:ff:ff	60	891
1788016875.494342173	ce:76:53:2e:6a:94	33:33:00:00:00:fb	139	892
1788016875.594401350	ce:76:53:2e:6a:94	01:00:5e:00:00:fb	119	893
1788016875.594412601	72:cb:5f:64:c5:82	01:00:5e:00:00:fb	103	894
1788016875.594685777	c0:bf:be:7a:f7:6e	ff:ff:ff:ff:ff:ff	60	895
1788016875.594819024	94:bb:43:b5:91:38	ff:ff:ff:ff:ff:ff	60	896
1788016875.595150498	90:10:57:c5:0f:bc	ff:ff:ff:ff:ff:ff	60	897
1788016875.596258712	72:1d:96:b5:a8:96	33:33:00:00:00:fb	720	898
1788016875.597275758	72:1d:96:b5:a8:96	01:00:5e:00:00:fb	700	899
1788016875.696141782	c0:74:ad:dc:22:98	ff:ff:ff:ff:ff:ff	564	900
1788016875.697548059	72:1d:96:b5:a8:96	01:00:5e:00:00:fb	700	901
1788016875.698234982	72:1d:96:b5:a8:96	33:33:00:00:00:fb	720	902
1788016875.698377376	00:01:21:48:26:89	ff:ff:ff:ff:ff:ff	60	903
1788016875.699221821	ec:74:d7:26:6a:a4	ff:ff:ff:ff:ff:ff	564	904
1788016875.700081535	ec:74:d7:26:6a:a4	ff:ff:ff:ff:ff:ff	564	905
1788016875.701040683	24:b2:b9:19:1c:fb	ff:ff:ff:ff:ff:ff	60	906
1788016875.701029141	ec:74:d7:26:89:08	ff:ff:ff:ff:ff:ff	564	907
1788016875.701967941	c0:74:ad:dc:1f:44	ff:ff:ff:ff:ff:ff	564	908
1788016875.798850920	f8:3d:c6:9d:92:4a	ff:ff:ff:ff:ff:ff	60	909
1788016875.798855529	f8:3d:c6:9d:92:4a	ff:ff:ff:ff:ff:ff	60	910
1788016875.799090244	00:01:21:48:26:89	ff:ff:ff:ff:ff:ff	60	911
1788016875.800043601	24:b2:b9:19:1c:fb	ff:ff:ff:ff:ff:ff	60	912
1788016875.800043381	ec:74:d7:26:7f:5c	ff:ff:ff:ff:ff:ff	564	913
1788016875.800187658	50:bb:b5:35:20:e6	ff:ff:ff:ff:ff:ff	60	914
1788016875.800693336	52:89:78:45:b4:fc	33:33:00:00:00:fb	155	915
1788016875.800846580	52:89:78:45:b4:fc	01:00:5e:00:00:fb	135	916
1788016875.900967270	0e:ef:15:03:c7:1a	ff:ff:ff:ff:ff:ff	60	917
1788016875.900981396	0e:ef:15:03:c7:1a	ff:ff:ff:ff:ff:ff	60	918
1788016875.900981637	0e:ef:15:03:c7:1a	ff:ff:ff:ff:ff:ff	60	919
1788016875.900981516	3c:64:cf:3b:f6:5b	ff:ff:ff:ff:ff:ff	60	920
1788016875.901222102	28:c5:d2:27:ce:c8	ff:ff:ff:ff:ff:ff	60	921
1788016875.901271644	50:bb:b5:35:20:e6	ff:ff:ff:ff:ff:ff	60	922
1788016875.901750562	0e:ef:15:03:c7:1a	ff:ff:ff:ff:ff:ff	60	923
1788016875.901750973	60:ff:9e:1f:06:6e	ff:ff:ff:ff:ff:ff	60	924
1788016875.901812557	4a:ea:1c:31:9c:a1	ff:ff:ff:ff:ff:ff	60	925
1788016876.005534793	28:c5:d2:27:ce:c8	ff:ff:ff:ff:ff:ff	60	926
1788016876.005535525	4a:ea:1c:31:9c:a1	33:33:00:00:00:16	90	927
1788016876.005866438	0e:ef:15:03:c7:1a	ff:ff:ff:ff:ff:ff	60	928
1788016876.005866608	0e:ef:15:03:c7:1a	ff:ff:ff:ff:ff:ff	60	929
1788016876.006392814	60:ff:9e:50:6e:88	01:00:5e:4d:4d:4d	155	930
1788016876.006392964	0e:ef:15:03:c7:1a	ff:ff:ff:ff:ff:ff	60	931
1788016876.007402305	94:bb:43:b5:91:38	ff:ff:ff:ff:ff:ff	60	932
1788016876.007402165	ec:74:d7:26:8b:60	ff:ff:ff:ff:ff:ff	564	933
1788016876.007598168	24:b2:b9:19:1c:fb	ff:ff:ff:ff:ff:ff	60	934
1788016876.008602750	ec:74:d7:26:75:48	ff:ff:ff:ff:ff:ff	564	935
1788016876.105593369	2e:ac:2e:6a:91:51	33:33:00:00:00:fb	139	936
1788016876.105598087	2e:ac:2e:6a:91:51	01:00:5e:00:00:fb	119	937
1788016876.105598268	b2:79:97:9b:49:90	01:00:5e:7f:ff:fa	199	938
1788016876.105851367	00:01:21:48:26:89	ff:ff:ff:ff:ff:ff	60	939
1788016876.106009520	e0:8f:4c:2b:18:cb	01:00:5e:7f:ff:fa	212	940
1788016876.208427749	94:bb:43:b5:91:38	ff:ff:ff:ff:ff:ff	60	941
1788016876.208439191	94:bb:43:b5:91:38	ff:ff:ff:ff:ff:ff	60	942
1788016876.208718248	94:bb:43:b5:91:38	ff:ff:ff:ff:ff:ff	60	943
1788016876.208729148	94:bb:43:b5:91:38	ff:ff:ff:ff:ff:ff	60	944
1788016876.209282424	f8:3d:c6:d0:66:d0	01:00:5e:7f:ff:fa	179	945
1788016876.209294085	24:b2:b9:19:1c:fb	ff:ff:ff:ff:ff:ff	60	946
1788016876.209776399	f8:3d:c6:d0:66:d0	01:00:5e:7f:ff:fa	179	947
1788016876.310574155	c0:e4:34:bf:ed:ab	ff:ff:ff:ff:ff:ff	60	948
1788016876.310580968	a2:d8:19:46:ee:7d	01:00:5e:00:00:fb	107	949
1788016876.310848013	a2:d8:19:46:ee:7d	33:33:00:00:00:fb	127	950
1788016876.311025061	24:b2:b9:19:1c:fb	ff:ff:ff:ff:ff:ff	60	951
1788016876.311403683	24:b2:b9:19:1c:fb	ff:ff:ff:ff:ff:ff	60	952
1788016876.311403953	24:b2:b9:19:1c:fb	ff:ff:ff:ff:ff:ff	60	953
1788016876.312435285	c0:74:ad:dc:2d:dc	ff:ff:ff:ff:ff:ff	564	954
1788016876.313298956	c0:74:ad:dc:2d:dc	ff:ff:ff:ff:ff:ff	564	955
1788016876.317109760	00:01:21:48:26:89	20:58:43:71:e2:64	156	956
1788016876.317110171	00:01:21:48:26:89	20:58:43:71:e2:64	574	957
1788016876.317539747	20:58:43:71:e2:64	00:01:21:48:26:89	81	958
1788016876.412643958	28:c5:d2:27:ce:c8	ff:ff:ff:ff:ff:ff	60	959
1788016876.412658205	50:bb:b5:35:20:e6	ff:ff:ff:ff:ff:ff	60	960
1788016876.413342052	c0:74:ad:dc:1e:c4	ff:ff:ff:ff:ff:ff	564	961
1788016876.414433295	c0:74:ad:dc:1e:c4	ff:ff:ff:ff:ff:ff	564	962
1788016876.514747605	94:bb:43:b5:91:38	ff:ff:ff:ff:ff:ff	60	963
1788016876.514752634	94:bb:43:b5:91:38	ff:ff:ff:ff:ff:ff	60	964
1788016876.514752804	2e:11:9e:9d:e7:e1	ff:ff:ff:ff:ff:ff	60	965
1788016876.514959668	52:58:33:54:ef:01	ff:ff:ff:ff:ff:ff	60	966
1788016876.618295959	a2:d8:19:46:ee:7d	01:00:5e:00:00:fb	136	967
1788016876.618281552	ec:74:d7:26:69:c4	ff:ff:ff:ff:ff:ff	564	968
1788016876.618563374	a2:d8:19:46:ee:7d	33:33:00:00:00:fb	156	969
1788016876.619041791	a6:88:76:2d:05:c4	33:33:00:00:00:fb	139	970
1788016876.619082867	a6:88:76:2d:05:c4	01:00:5e:00:00:fb	119	971
1788016876.619474012	90:10:57:c5:0f:bc	ff:ff:ff:ff:ff:ff	60	972
1788016876.619780921	3a:a6:0a:82:04:ec	33:33:00:00:00:fb	155	973
1788016876.619836705	3a:a6:0a:82:04:ec	01:00:5e:00:00:fb	135	974
1788016876.620222580	24:b2:b9:19:1c:fb	ff:ff:ff:ff:ff:ff	60	975
1788016876.719033533	a8:59:5f:25:c4:9d	ff:ff:ff:ff:ff:ff	60	976
1788016876.719332297	46:0f:8a:5c:81:6a	01:00:5e:00:00:fb	119	977
1788016876.719617856	46:0f:8a:5c:81:6a	33:33:00:00:00:fb	139	978
1788016876.719774927	60:ff:9e:1f:06:6e	ff:ff:ff:ff:ff:ff	60	979
1788016876.719946094	0e:ef:15:03:c7:1a	ff:ff:ff:ff:ff:ff	60	980
1788016876.720116220	24:b2:b9:19:1c:fb	ff:ff:ff:ff:ff:ff	60	981
1788016876.720288259	94:bb:43:b5:91:38	ff:ff:ff:ff:ff:ff	60	982
1788016876.720457112	0e:ef:15:03:c7:1a	ff:ff:ff:ff:ff:ff	60	983
1788016876.720627738	0e:ef:15:03:c7:1a	ff:ff:ff:ff:ff:ff	60	984
1788016876.721070058	2e:11:9e:9d:e7:e1	33:33:00:00:00:16	150	985
1788016876.721070388	f8:3d:c6:9d:92:4a	ff:ff:ff:ff:ff:ff	60	986
1788016876.721807194	2e:11:9e:9d:e7:e1	ff:ff:ff:ff:ff:ff	344	987
1788016876.721807515	f8:3d:c6:9d:92:4a	ff:ff:ff:ff:ff:ff	60	988
1788016876.722714085	52:41:e7:a7:82:11	01:00:5e:00:00:fb	480	989
1788016876.723591251	52:41:e7:a7:82:11	33:33:00:00:00:fb	500	990
1788016876.723605668	0e:ef:15:03:c7:1a	ff:ff:ff:ff:ff:ff	60	991
1788016876.724506097	c0:74:ad:dc:1e:b4	ff:ff:ff:ff:ff:ff	564	992
1788016876.821637045	0e:ef:15:03:c7:1a	ff:ff:ff:ff:ff:ff	60	993
1788016876.821893731	e2:c2:de:24:3e:6b	33:33:00:00:00:fb	123	994
1788016876.822057956	e2:c2:de:24:3e:6b	01:00:5e:00:00:fb	103	995
1788016876.822468316	f8:3d:c6:d0:66:d0	01:00:5e:7f:ff:fa	179	996
1788016876.822638973	2e:11:9e:9d:e7:e1	ff:ff:ff:ff:ff:ff	60	997
1788016876.823663833	f8:6d:cc:9f:cc:ce	33:33:00:00:00:0c	686	998
1788016876.823798182	94:bb:43:b5:91:38	ff:ff:ff:ff:ff:ff	60	999
1788016876.824114939	a2:d8:19:46:ee:7d	01:00:5e:00:00:fb	136	1000
1788016876.824417610	a2:d8:19:46:ee:7d	33:33:00:00:00:fb	156	1001
1788016876.924138158	28:c5:d2:27:ce:c8	ff:ff:ff:ff:ff:ff	60	1002
1788016876.925055439	24:b2:b9:19:1c:fb	ff:ff:ff:ff:ff:ff	60	1003
1788016876.925055138	ec:74:d7:26:7f:a4	ff:ff:ff:ff:ff:ff	564	1004
1788016877.026859262	a0:85:27:fb:cf:b1	33:33:00:01:00:02	122	1005
1788016877.026870693	62:0d:1c:63:d8:c0	33:33:00:00:00:02	70	1006
1788016877.027155681	2e:11:9e:9d:e7:e1	33:33:00:00:00:16	150	1007
1788016877.028603455	24:b2:b9:19:1c:fb	ff:ff:ff:ff:ff:ff	60	1008
1788016877.028590111	ec:74:d7:26:8b:60	ff:ff:ff:ff:ff:ff	564	1009
1788016877.028603565	24:b2:b9:19:1c:fb	ff:ff:ff:ff:ff:ff	60	1010
1788016877.028603686	24:b2:b9:19:1c:fb	ff:ff:ff:ff:ff:ff	60	1011
1788016877.129261753	b2:79:97:9b:49:90	01:00:5e:7f:ff:fa	199	1012
1788016877.129273104	0a:f7:3f:71:80:75	33:33:00:00:00:16	90	1013
1788016877.129550919	f8:6d:cc:9f:cc:ce	01:00:5e:7f:ff:fa	143	1014
1788016877.130073157	f8:6d:cc:9f:cc:ce	33:33:00:00:00:0c	157	1015
1788016877.130084798	0a:f7:3f:71:80:75	01:00:5e:00:00:fb	103	1016
1788016877.130355981	00:01:21:48:26:89	ff:ff:ff:ff:ff:ff	60	1017
1788016877.130499757	f8:6d:cc:9f:cc:ce	ff:ff:ff:ff:ff:ff	70	1018
1788016877.130841561	f8:6d:cc:9f:cc:ce	ff:ff:ff:ff:ff:ff	70	1019
1788016877.130841892	f8:6d:cc:9f:cc:ce	ff:ff:ff:ff:ff:ff	70	1020
1788016877.131015904	f8:6d:cc:9f:cc:ce	ff:ff:ff:ff:ff:ff	70	1021
1788016877.131405476	f8:6d:cc:9f:cc:ce	ff:ff:ff:ff:ff:ff	60	1022
1788016877.131405797	f8:6d:cc:9f:cc:ce	ff:ff:ff:ff:ff:ff	70	1023
1788016877.131953733	f8:6d:cc:9f:cc:ce	ff:ff:ff:ff:ff:ff	125	1024
1788016877.131954053	f8:6d:cc:9f:cc:ce	ff:ff:ff:ff:ff:ff	70	1025
1788016877.132100054	f8:6d:cc:9f:cc:ce	ff:ff:ff:ff:ff:ff	60	1026
1788016877.132489676	f8:6d:cc:9f:cc:ce	ff:ff:ff:ff:ff:ff	125	1027
1788016877.132527096	f8:6d:cc:9f:cc:ce	ff:ff:ff:ff:ff:ff	125	1028
1788016877.132957183	f8:6d:cc:9f:cc:ce	ff:ff:ff:ff:ff:ff	70	1029
1788016877.132957514	f8:6d:cc:9f:cc:ce	ff:ff:ff:ff:ff:ff	70	1030
1788016877.133114284	f8:6d:cc:9f:cc:ce	ff:ff:ff:ff:ff:ff	60	1031
1788016877.133493026	f8:6d:cc:9f:cc:ce	ff:ff:ff:ff:ff:ff	60	1032
1788016877.133530456	f8:6d:cc:9f:cc:ce	ff:ff:ff:ff:ff:ff	125	1033
1788016877.133937721	24:b2:b9:19:1c:fb	ff:ff:ff:ff:ff:ff	60	1034
1788016877.134317595	e0:8f:4c:2b:18:cb	01:00:5e:7f:ff:fa	212	1035
1788016877.134317915	24:b2:b9:19:1c:fb	ff:ff:ff:ff:ff:ff	60	1036
1788016877.134580562	24:b2:b9:19:1c:fb	ff:ff:ff:ff:ff:ff	60	1037
1788016877.134948174	a2:d8:19:46:ee:7d	33:33:00:00:00:fb	156	1038
1788016877.135225628	a2:d8:19:46:ee:7d	01:00:5e:00:00:fb	136	1039
1788016877.135283025	0a:f7:3f:71:80:75	33:33:00:00:00:fb	123	1040
1788016877.135744490	0a:f7:3f:71:80:75	01:00:5e:00:00:fb	119	1041
1788016877.231246068	0a:f7:3f:71:80:75	33:33:00:00:00:fb	139	1042
1788016877.231404532	1a:12:c8:d0:94:05	01:00:5e:00:00:fb	82	1043
1788016877.231723894	0a:f7:3f:71:80:75	01:00:5e:00:00:fb	119	1044
1788016877.232007730	0a:f7:3f:71:80:75	33:33:00:00:00:fb	139	1045
1788016877.232861463	c0:74:ad:dc:20:14	ff:ff:ff:ff:ff:ff	564	1046
1788016877.233184892	8e:3a:25:5d:7c:9d	01:00:5e:7f:ff:fa	167	1047
1788016877.233393589	0a:f7:3f:71:80:75	33:33:00:00:00:16	90	1048
1788016877.234390297	f8:6d:cc:9f:cc:ce	01:00:5e:7f:ff:fa	666	1049
1788016877.234524415	c0:e4:34:bf:ed:ab	ff:ff:ff:ff:ff:ff	60	1050
1788016877.334487173	5e:61:f3:9b:22:65	33:33:00:00:00:fb	139	1051
1788016877.334803028	5e:61:f3:9b:22:65	01:00:5e:00:00:fb	119	1052
1788016877.334969707	12:94:16:f7:1c:1e	33:33:00:00:00:fb	123	1053
1788016877.335149080	12:94:16:f7:1c:1e	01:00:5e:00:00:fb	103	1054
1788016877.335327240	28:c5:d2:2c:5e:e8	ff:ff:ff:ff:ff:ff	60	1055
1788016877.335607951	2e:11:9e:9d:e7:e1	33:33:ff:9d:e7:e1	86	1056
1788016877.335779318	a4:55:90:56:c6:7e	ff:ff:ff:ff:ff:ff	60	1057
1788016877.335956296	24:b2:b9:19:1c:fb	ff:ff:ff:ff:ff:ff	60	1058
1788016877.336216078	96:db:97:a5:36:f0	33:33:00:00:00:fb	107	1059
1788016877.336274817	24:b2:b9:19:1c:fb	ff:ff:ff:ff:ff:ff	60	1060
1788016877.336585693	96:db:97:a5:36:f0	01:00:5e:00:00:fb	87	1061
1788016877.337124883	e0:8f:4c:2b:18:cb	33:33:00:00:00:fb	333	1062
1788016877.337630800	e0:8f:4c:2b:18:cb	01:00:5e:00:00:fb	313	1063
1788016877.338520991	ec:74:d7:26:89:3c	ff:ff:ff:ff:ff:ff	564	1064
1788016877.339338145	ec:74:d7:26:89:3c	ff:ff:ff:ff:ff:ff	564	1065
1788016877.340300700	ec:74:d7:26:89:3c	ff:ff:ff:ff:ff:ff	564	1066
1788016877.340922252	a2:d8:19:46:ee:7d	01:00:5e:00:00:fb	482	1067
1788016877.341682241	a2:d8:19:46:ee:7d	33:33:00:00:00:fb	502	1068
1788016877.436704941	50:bb:b5:35:20:e6	ff:ff:ff:ff:ff:ff	60	1069
1788016877.436716011	ea:0c:56:ea:0e:d0	33:33:00:00:00:02	70	1070
1788016877.436980492	00:41:0e:83:dc:ab	01:00:5e:00:00:fb	82	1071
1788016877.438465825	c0:74:ad:dc:1e:c4	ff:ff:ff:ff:ff:ff	564	1072
1788016877.438740214	c0:74:ad:dc:1e:c4	ff:ff:ff:ff:ff:ff	564	1073
1788016877.439323054	60:ff:9e:1f:06:6e	33:33:00:00:00:fb	335	1074
1788016877.439661091	60:ff:9e:1f:06:6e	01:00:5e:00:00:fb	315	1075
1788016877.440689808	c0:74:ad:dc:1f:98	ff:ff:ff:ff:ff:ff	564	1076
1788016877.441543861	ec:74:d7:26:7e:d0	ff:ff:ff:ff:ff:ff	564	1077
1788016877.442406430	ec:74:d7:26:7e:d0	ff:ff:ff:ff:ff:ff	564	1078
1788016877.443027451	50:5a:65:c8:11:fb	33:33:00:00:00:fb	327	1079
1788016877.443330353	50:5a:65:c8:11:fb	01:00:5e:00:00:fb	307	1080
1788016877.538796435	1a:78:09:e7:27:ad	01:00:5e:00:00:fb	119	1081
1788016877.538808437	1a:78:09:e7:27:ad	33:33:00:00:00:fb	139	1082
1788016877.539579296	96:db:97:a5:36:f0	01:00:5e:00:00:fb	482	1083
1788016877.540427749	c0:74:ad:dc:23:fc	ff:ff:ff:ff:ff:ff	564	1084
1788016877.541269810	c0:74:ad:dc:24:5c	ff:ff:ff:ff:ff:ff	564	1085
1788016877.641605750	4a:ea:1c:31:9c:a1	33:33:00:00:00:16	90	1086
1788016877.642495008	c0:74:ad:dc:24:3c	ff:ff:ff:ff:ff:ff	564	1087
1788016877.642663060	58:02:05:7e:68:60	ff:ff:ff:ff:ff:ff	60	1088
1788016877.642970369	2a:b5:c4:f2:4c:86	01:00:5e:7f:ff:fa	167	1089
1788016877.643144071	00:01:21:48:26:89	ff:ff:ff:ff:ff:ff	60	1090
1788016877.643410395	88:52:eb:08:5f:a5	33:33:00:00:00:fb	123	1091
1788016877.643641814	88:52:eb:08:5f:a5	01:00:5e:00:00:fb	103	1092
1788016877.643874556	be:59:10:2e:3b:3f	ff:ff:ff:ff:ff:ff	60	1093
1788016877.744152408	ec:74:d7:26:89:08	ff:ff:ff:ff:ff:ff	564	1094
1788016877.744434951	2a:b5:c4:f2:4c:86	01:00:5e:7f:ff:fa	167	1095
1788016877.744443868	94:bb:43:b5:91:38	ff:ff:ff:ff:ff:ff	60	1096
1788016877.845857195	2e:54:4f:fa:1f:4f	33:33:00:00:00:fb	155	1097
1788016877.846099164	2e:54:4f:fa:1f:4f	01:00:5e:00:00:fb	135	1098
1788016877.846099374	3c:64:cf:3b:f6:5b	ff:ff:ff:ff:ff:ff	60	1099
1788016877.846545050	9a:d6:c5:5c:31:d6	01:00:5e:00:00:fb	119	1100
1788016877.846835549	9a:d6:c5:5c:31:d6	33:33:00:00:00:fb	139	1101
1788016877.846835769	92:16:2e:d6:f5:c6	ff:ff:ff:ff:ff:ff	60	1102
1788016877.847337189	2a:b5:c4:f2:4c:86	01:00:5e:7f:ff:fa	167	1103
1788016877.847337339	28:c5:d2:2c:5e:e8	ff:ff:ff:ff:ff:ff	60	1104
1788016877.848367188	58:02:05:7e:68:60	ff:ff:ff:ff:ff:ff	60	1105
1788016877.848366847	ec:74:d7:26:6a:60	ff:ff:ff:ff:ff:ff	564	1106
1788016877.848508239	28:c5:d2:27:ce:c8	ff:ff:ff:ff:ff:ff	60	1107
1788016877.848902470	0e:ef:15:03:c7:1a	ff:ff:ff:ff:ff:ff	60	1108
1788016877.848902721	0e:ef:15:03:c7:1a	ff:ff:ff:ff:ff:ff	60	1109
1788016877.849044043	0e:ef:15:03:c7:1a	ff:ff:ff:ff:ff:ff	60	1110
1788016877.849431802	0e:ef:15:03:c7:1a	ff:ff:ff:ff:ff:ff	60	1111
1788016877.849432042	5a:87:3a:4b:60:93	ff:ff:ff:ff:ff:ff	60	1112
1788016877.949147191	ac:f2:3c:26:db:51	ff:ff:ff:ff:ff:ff	86	1113
1788016877.949177457	94:bb:43:b5:91:38	ff:ff:ff:ff:ff:ff	60	1114
1788016877.949422592	76:69:57:e9:00:d4	01:00:5e:7f:ff:fa	179	1115
1788016877.949626961	f2:90:8e:11:e0:fc	33:33:00:00:00:02	70	1116
1788016877.950112431	60:ff:9e:50:6e:88	01:00:5e:4d:4d:4d	155	1117
1788016878.051357741	ec:74:d7:26:86:78	ff:ff:ff:ff:ff:ff	564	1118
1788016878.052116017	28:c5:d2:27:ce:c8	ff:ff:ff:ff:ff:ff	60	1119
1788016878.052111389	ec:74:d7:26:6a:a8	ff:ff:ff:ff:ff:ff	564	1120
1788016878.052116137	2e:11:9e:9d:e7:e1	33:33:00:00:00:02	70	1121
1788016878.052532750	2e:11:9e:9d:e7:e1	33:33:00:00:00:16	150	1122
1788016878.052584395	2e:11:9e:9d:e7:e1	33:33:00:00:00:16	90	1123
1788016878.052992001	9c:67:d6:eb:9a:1f	33:33:ff:4e:92:9d	86	1124
1788016878.153516621	a4:55:90:56:c6:7e	ff:ff:ff:ff:ff:ff	60	1125
1788016878.153530947	f8:6d:cc:9f:cc:ce	01:00:5e:00:00:fb	75	1126
1788016878.153531128	f8:6d:cc:9f:cc:ce	33:33:00:00:00:fb	95	1127
1788016878.153531308	f8:6d:cc:9f:cc:ce	01:00:5e:00:00:fb	76	1128
1788016878.153767917	f8:6d:cc:9f:cc:ce	33:33:00:00:00:fb	96	1129
1788016878.154050941	f8:6d:cc:9f:cc:ce	01:00:5e:00:00:fb	77	1130
1788016878.154216869	f8:6d:cc:9f:cc:ce	33:33:00:00:00:fb	97	1131
1788016878.154261111	00:01:21:48:26:89	ff:ff:ff:ff:ff:ff	60	1132
1788016878.154655552	24:b2:b9:19:1c:fb	ff:ff:ff:ff:ff:ff	60	1133
1788016878.154655873	f8:6d:cc:9f:cc:ce	01:00:5e:00:00:fb	78	1134
1788016878.155084628	f8:6d:cc:9f:cc:ce	33:33:00:00:00:fb	98	1135
1788016878.155084948	f8:6d:cc:9f:cc:ce	01:00:5e:00:00:fb	75	1136
1788016878.155498184	f8:6d:cc:9f:cc:ce	33:33:00:00:00:fb	95	1137
1788016878.255487140	0a:f7:3f:71:80:75	01:00:5e:00:00:fb	119	1138
1788016878.255498602	00:01:21:48:26:89	ff:ff:ff:ff:ff:ff	60	1139
1788016878.255742594	0a:f7:3f:71:80:75	33:33:00:00:00:fb	139	1140
1788016878.256102151	ce:cc:b2:19:40:9f	33:33:00:00:00:fb	155	1141
1788016878.256629899	ce:cc:b2:19:40:9f	01:00:5e:00:00:fb	135	1142
1788016878.256641360	7a:d0:e6:8f:43:c0	33:33:00:00:00:fb	171	1143
1788016878.257001528	7a:d0:e6:8f:43:c0	01:00:5e:00:00:fb	151	1144
1788016878.257181562	a2:d8:19:46:ee:7d	01:00:5e:00:00:fb	107	1145
1788016878.257475156	a2:d8:19:46:ee:7d	33:33:00:00:00:fb	127	1146
1788016878.361234893	a0:85:27:fb:cf:b1	01:00:5e:7f:ff:fa	179	1147
1788016878.361969305	42:5c:d0:93:46:e8	33:33:00:00:00:fb	500	1148
1788016878.362719646	42:5c:d0:93:46:e8	01:00:5e:00:00:fb	480	1149
1788016878.463621675	c0:74:ad:dc:1e:c4	ff:ff:ff:ff:ff:ff	564	1150
1788016878.463636091	c0:74:ad:dc:1e:c4	ff:ff:ff:ff:ff:ff	564	1151
1788016878.464486728	9e:fa:dc:2b:94:b9	33:33:00:00:00:fb	500	1152
1788016878.465229425	9e:fa:dc:2b:94:b9	01:00:5e:00:00:fb	480	1153
1788016878.466091694	24:b2:b9:19:1c:fb	ff:ff:ff:ff:ff:ff	60	1154
1788016878.466082507	ec:74:d7:26:6a:94	ff:ff:ff:ff:ff:ff	564	1155
1788016878.562960115	2e:11:9e:9d:e7:e1	33:33:00:00:00:16	150	1156
1788016878.563077382	02:47:0c:79:b6:ba	33:33:00:00:00:16	90	1157
1788016878.563519432	ba:a5:83:fe:ff:27	33:33:00:00:00:fb	139	1158
1788016878.563847640	ba:a5:83:fe:ff:27	01:00:5e:00:00:fb	119	1159
1788016878.563856276	6a:7e:d9:df:0e:01	33:33:00:00:00:fb	139	1160
1788016878.564120376	6a:7e:d9:df:0e:01	01:00:5e:00:00:fb	119	1161
1788016878.565753524	2e:11:9e:9d:e7:e1	33:33:00:00:00:16	90	1162
1788016878.565739668	c0:74:ad:dc:23:fc	ff:ff:ff:ff:ff:ff	564	1163
1788016878.665019600	02:47:0c:79:b6:ba	ff:ff:ff:ff:ff:ff	60	1164
1788016878.665280894	00:01:21:48:26:89	ff:ff:ff:ff:ff:ff	60	1165
1788016878.665349942	bc:29:78:87:0d:40	ff:ff:ff:ff:ff:ff	60	1166
1788016878.665724697	62:bb:f7:30:f6:01	ff:ff:ff:ff:ff:ff	60	1167
1788016878.768317340	0e:ef:15:03:c7:1a	ff:ff:ff:ff:ff:ff	60	1168
1788016878.768558578	0e:ef:15:03:c7:1a	ff:ff:ff:ff:ff:ff	60	1169
1788016878.770103482	c0:74:ad:dc:1e:94	ff:ff:ff:ff:ff:ff	564	1170
1788016878.770397777	28:c5:d2:27:ce:c8	ff:ff:ff:ff:ff:ff	60	1171
1788016878.770384943	c0:74:ad:dc:1f:44	ff:ff:ff:ff:ff:ff	564	1172
1788016878.770656928	24:b2:b9:19:1c:fb	ff:ff:ff:ff:ff:ff	60	1173
1788016878.770706009	24:b2:b9:19:1c:fb	ff:ff:ff:ff:ff:ff	60	1174
1788016878.771414292	1e:96:7a:ea:5b:f5	33:33:00:00:00:fb	139	1175
1788016878.771426915	1e:96:7a:ea:5b:f5	01:00:5e:00:00:fb	119	1176
1788016878.870669517	50:bb:b5:35:20:e6	ff:ff:ff:ff:ff:ff	60	1177
1788016878.870657766	ec:74:d7:26:6a:60	ff:ff:ff:ff:ff:ff	564	1178
1788016878.870906517	50:bb:b5:35:20:e6	ff:ff:ff:ff:ff:ff	60	1179
1788016878.870944467	24:b2:b9:19:1c:fb	ff:ff:ff:ff:ff:ff	60	1180
1788016878.871343727	28:c5:d2:2c:5e:e8	ff:ff:ff:ff:ff:ff	60	1181
1788016878.871672517	66:0e:2b:9c:59:15	33:33:00:00:00:fb	171	1182
1788016878.871968606	66:0e:2b:9c:59:15	01:00:5e:00:00:fb	151	1183
1788016878.873081589	f8:6d:cc:9f:cc:ce	33:33:00:00:00:0c	686	1184
1788016878.873090135	a4:55:90:56:c6:7e	ff:ff:ff:ff:ff:ff	60	1185
1788016878.873197043	28:c5:d2:27:ce:c8	ff:ff:ff:ff:ff:ff	60	1186
1788016878.874212005	24:b2:b9:19:1c:fb	ff:ff:ff:ff:ff:ff	60	1187
1788016878.874203880	c0:74:ad:dc:21:48	ff:ff:ff:ff:ff:ff	564	1188
1788016878.974796405	94:bb:43:b5:91:38	ff:ff:ff:ff:ff:ff	60	1189
1788016878.974810541	94:bb:43:b5:91:38	ff:ff:ff:ff:ff:ff	60	1190
1788016879.074622547	9c:67:d6:eb:9a:1f	33:33:ff:4e:92:9d	86	1191
1788016879.074902607	86:b2:32:ec:57:99	33:33:00:00:00:fb	139	1192
1788016879.075112456	86:b2:32:ec:57:99	01:00:5e:00:00:fb	119	1193
1788016879.075124177	24:b2:b9:19:1c:fb	ff:ff:ff:ff:ff:ff	60	1194
1788016879.075374381	24:b2:b9:19:1c:fb	ff:ff:ff:ff:ff:ff	60	1195
1788016879.076360379	c0:74:ad:dc:25:08	ff:ff:ff:ff:ff:ff	564	1196
1788016879.182799174	94:bb:43:b5:91:38	ff:ff:ff:ff:ff:ff	60	1197
1788016879.182810444	94:bb:43:b5:91:38	ff:ff:ff:ff:ff:ff	60	1198
1788016879.184074828	b2:4e:22:ec:f6:1c	33:33:00:00:00:fb	308	1199
1788016879.184060692	ec:74:d7:26:6b:dc	ff:ff:ff:ff:ff:ff	564	1200
1788016879.184819679	b2:4e:22:ec:f6:1c	01:00:5e:00:00:fb	288	1201
1788016879.184831351	5e:99:1a:05:71:cc	01:00:5e:00:00:fb	119	1202
1788016879.185104528	5e:99:1a:05:71:cc	33:33:00:00:00:fb	139	1203
1788016879.185255558	9a:58:ef:bf:2f:a6	33:33:00:00:00:fb	139	1204
1788016879.185737742	9a:58:ef:bf:2f:a6	01:00:5e:00:00:fb	119	1205
1788016879.186577939	c0:74:ad:dc:20:14	ff:ff:ff:ff:ff:ff	564	1206
1788016879.186611892	0a:f7:3f:71:80:75	01:00:5e:00:00:fb	119	1207
1788016879.187022754	00:01:21:48:26:89	ff:ff:ff:ff:ff:ff	60	1208
1788016879.187095348	62:0d:1c:63:d8:c0	33:33:00:00:00:16	130	1209
1788016879.280421202	62:0d:1c:63:d8:c0	33:33:00:00:00:16	130	1210
1788016879.280435268	0a:f7:3f:71:80:75	33:33:00:00:00:fb	139	1211
1788016879.280435438	5e:61:f3:9b:22:65	33:33:00:00:00:16	90	1212
1788016879.281368187	c0:74:ad:dc:1e:cc	ff:ff:ff:ff:ff:ff	564	1213
1788016879.282548586	f8:3d:c6:d0:66:d0	33:33:00:01:00:02	122	1214
1788016879.282534309	c0:74:ad:dc:1e:cc	ff:ff:ff:ff:ff:ff	564	1215
1788016879.282548706	ee:a5:f2:3a:ac:e0	33:33:00:00:00:fb	139	1216
1788016879.282859202	ee:a5:f2:3a:ac:e0	01:00:5e:00:00:fb	119	1217
1788016879.383679479	a0:85:27:fb:cf:b1	ff:ff:ff:ff:ff:ff	60	1218
1788016879.383674791	c0:74:ad:dc:2d:dc	ff:ff:ff:ff:ff:ff	564	1219
1788016879.383679660	c0:e4:34:bf:ed:ab	ff:ff:ff:ff:ff:ff	60	1220
1788016879.383679840	ae:f7:5a:90:bd:e2	33:33:00:00:00:fb	139	1221
1788016879.383893486	28:c5:d2:27:ce:c8	ff:ff:ff:ff:ff:ff	60	1222
1788016879.383893887	02:47:0c:79:b6:ba	ff:ff:ff:ff:ff:ff	60	1223
1788016879.384355603	ae:f7:5a:90:bd:e2	01:00:5e:00:00:fb	119	1224
1788016879.384365000	50:bb:b5:35:20:e6	ff:ff:ff:ff:ff:ff	60	1225
1788016879.384624361	50:bb:b5:35:20:e6	ff:ff:ff:ff:ff:ff	60	1226
1788016879.385566628	58:02:05:7e:68:60	ff:ff:ff:ff:ff:ff	60	1227
1788016879.385557421	c0:74:ad:dc:1e:c4	ff:ff:ff:ff:ff:ff	564	1228
1788016879.385913130	58:02:05:7e:68:60	ff:ff:ff:ff:ff:ff	60	1229
1788016879.386749621	ec:74:d7:26:7e:2c	ff:ff:ff:ff:ff:ff	564	1230
1788016879.485634110	ec:74:d7:26:7f:34	ff:ff:ff:ff:ff:ff	564	1231
1788016879.485648356	ec:74:d7:26:6a:ec	ff:ff:ff:ff:ff:ff	564	1232
1788016879.587003546	d2:be:c9:13:da:01	ff:ff:ff:ff:ff:ff	60	1233
1788016879.588656811	24:b2:b9:19:1c:fb	ff:ff:ff:ff:ff:ff	60	1234
1788016879.588643226	c0:74:ad:dc:23:fc	ff:ff:ff:ff:ff:ff	564	1235
1788016879.689820485	00:01:21:48:26:89	ff:ff:ff:ff:ff:ff	60	1236
1788016879.689832097	5a:87:3a:4b:60:93	ff:ff:ff:ff:ff:ff	60	1237
1788016879.690087290	96:db:97:a5:36:f0	01:00:5e:7f:ff:fa	167	1238
1788016879.691129562	bc:29:78:87:0d:40	ff:ff:ff:ff:ff:ff	60	1239
1788016879.691120445	ec:74:d7:26:6a:a4	ff:ff:ff:ff:ff:ff	564	1240
1788016879.691393311	0e:ef:15:03:c7:1a	ff:ff:ff:ff:ff:ff	60	1241
1788016879.691445218	0e:ef:15:03:c7:1a	ff:ff:ff:ff:ff:ff	60	1242
1788016879.692508008	c0:74:ad:dc:1e:94	ff:ff:ff:ff:ff:ff	564	1243
1788016879.693338979	c0:74:ad:dc:1f:44	ff:ff:ff:ff:ff:ff	564	1244
1788016879.792372283	36:70:84:2e:bb:75	33:33:00:00:00:16	90	1245
1788016879.792646802	ec:74:d7:26:84:a0	ff:ff:ff:ff:ff:ff	564	1246
1788016879.793071510	f8:3d:c6:d0:66:d0	01:00:5e:7f:ff:fa	179	1247
1788016879.893899782	28:c5:d2:27:ce:c8	ff:ff:ff:ff:ff:ff	60	1248
1788016879.893900653	22:a6:8f:42:e6:15	33:33:00:00:00:fb	139	1249
1788016879.894147792	22:a6:8f:42:e6:15	01:00:5e:00:00:fb	119	1250
1788016879.894291408	58:02:05:7e:68:60	ff:ff:ff:ff:ff:ff	60	1251
1788016879.895571912	c0:74:ad:dc:1f:d0	ff:ff:ff:ff:ff:ff	564	1252
1788016879.895572233	3c:64:cf:3b:f6:5b	ff:ff:ff:ff:ff:ff	60	1253
1788016879.896317404	ec:74:d7:26:7f:a4	ff:ff:ff:ff:ff:ff	564	1254
1788016879.896568389	ec:74:d7:26:6a:98	33:33:00:01:00:02	172	1255
1788016879.996333150	a0:85:27:fb:cf:b1	33:33:ff:f4:74:0e	78	1256
1788016879.996344702	28:c5:d2:27:ce:c8	ff:ff:ff:ff:ff:ff	60	1257
1788016879.996620202	60:ff:9e:50:6e:88	01:00:5e:4d:4d:4d	155	1258
1788016879.996902135	8a:3c:8e:a6:b1:dc	01:00:5e:00:00:fb	119	1259
1788016879.997788719	ec:74:d7:26:86:78	ff:ff:ff:ff:ff:ff	564	1260
1788016879.997937995	8a:3c:8e:a6:b1:dc	33:33:00:00:00:fb	139	1261
1788016880.099884071	36:70:84:2e:bb:75	33:33:00:00:00:16	90	1262
1788016880.099898377	9c:67:d6:eb:9a:1f	33:33:ff:4e:92:9d	86	1263
1788016880.099898557	00:01:21:48:26:89	ff:ff:ff:ff:ff:ff	60	1264
1788016880.100032746	f4:d1:08:d0:10:5b	ff:ff:ff:ff:ff:ff	60	1265
1788016880.100032275	08:f9:7e:17:f5:89	ff:ff:ff:ff:ff:ff	60	1266
1788016880.100334035	f8:6d:cc:9f:cc:ce	ff:ff:ff:ff:ff:ff	70	1267
1788016880.100545056	f8:6d:cc:9f:cc:ce	ff:ff:ff:ff:ff:ff	70	1268
1788016880.100723287	f8:6d:cc:9f:cc:ce	ff:ff:ff:ff:ff:ff	70	1269
1788016880.100894815	f8:6d:cc:9f:cc:ce	ff:ff:ff:ff:ff:ff	70	1270
1788016880.101144948	f8:6d:cc:9f:cc:ce	ff:ff:ff:ff:ff:ff	70	1271
1788016880.101360748	f8:6d:cc:9f:cc:ce	ff:ff:ff:ff:ff:ff	125	1272
1788016880.101627703	f8:6d:cc:9f:cc:ce	ff:ff:ff:ff:ff:ff	125	1273
1788016880.101988412	f8:6d:cc:9f:cc:ce	ff:ff:ff:ff:ff:ff	125	1274
1788016880.101988833	f8:6d:cc:9f:cc:ce	ff:ff:ff:ff:ff:ff	70	1275
1788016880.102330947	f8:6d:cc:9f:cc:ce	ff:ff:ff:ff:ff:ff	125	1276
1788016880.102539133	f8:6d:cc:9f:cc:ce	ff:ff:ff:ff:ff:ff	70	1277
1788016880.102731560	f8:6d:cc:9f:cc:ce	ff:ff:ff:ff:ff:ff	70	1278
1788016880.202519263	f8:6d:cc:9f:cc:ce	ff:ff:ff:ff:ff:ff	60	1279
1788016880.202533560	f8:6d:cc:9f:cc:ce	ff:ff:ff:ff:ff:ff	60	1280
1788016880.202533740	f8:6d:cc:9f:cc:ce	ff:ff:ff:ff:ff:ff	60	1281
1788016880.202533910	f8:6d:cc:9f:cc:ce	ff:ff:ff:ff:ff:ff	60	1282
1788016880.202534091	b2:79:97:9b:49:90	01:00:5e:7f:ff:fa	199	1283
1788016880.203283961	08:f9:7e:17:f5:89	ff:ff:ff:ff:ff:ff	364	1284
1788016880.203295412	08:f9:7e:17:f5:89	33:33:00:00:00:16	90	1285
1788016880.203295532	08:f9:7e:17:f5:89	ff:ff:ff:ff:ff:ff	60	1286
1788016880.204418324	08:f9:7e:17:f5:89	33:33:00:01:00:03	95	1287
1788016880.204408847	c0:74:ad:dc:20:14	ff:ff:ff:ff:ff:ff	564	1288
1788016880.204675180	08:f9:7e:17:f5:89	33:33:00:00:00:16	90	1289
1788016880.204995104	08:f9:7e:17:f5:89	01:00:5e:00:00:fc	75	1290
1788016880.205040718	08:f9:7e:17:f5:89	33:33:00:01:00:02	120	1291
1788016880.205435630	08:f9:7e:17:f5:89	01:00:5e:00:00:16	60	1292
1788016880.205435951	5e:61:f3:9b:22:65	33:33:00:00:00:16	90	1293
1788016880.205833137	00:01:21:48:26:89	ff:ff:ff:ff:ff:ff	60	1294
1788016880.205833468	08:f9:7e:17:f5:89	01:00:5e:00:00:16	60	1295
1788016880.303569818	c0:e4:34:bf:ed:ab	ff:ff:ff:ff:ff:ff	60	1296
1788016880.303581069	f4:28:9d:ee:b0:a3	ff:ff:ff:ff:ff:ff	60	1297
1788016880.304397713	7e:b4:44:82:1b:ad	01:00:5e:00:00:fb	482	1298
1788016880.305251216	7e:b4:44:82:1b:ad	33:33:00:00:00:fb	502	1299
1788016880.305410040	1a:31:96:36:7b:3b	01:00:5e:00:00:fb	151	1300
1788016880.305766210	1a:31:96:36:7b:3b	33:33:00:00:00:fb	171	1301
1788016880.306093878	24:b2:b9:19:1c:fb	01:00:5e:7f:ff:fa	179	1302
1788016880.307063365	ec:74:d7:26:8a:d8	ff:ff:ff:ff:ff:ff	564	1303
1788016880.307388388	a2:d8:19:46:ee:7d	01:00:5e:00:00:fb	107	1304
1788016880.307388679	a2:d8:19:46:ee:7d	33:33:00:00:00:fb	127	1305
1788016880.308350542	a2:d8:19:46:ee:7d	01:00:5e:00:00:fb	482	1306
1788016880.309087248	a2:d8:19:46:ee:7d	33:33:00:00:00:fb	502	1307
1788016880.309213883	3e:29:6d:d7:5d:b9	01:00:5e:00:00:fb	119	1308
1788016880.309527865	3e:29:6d:d7:5d:b9	33:33:00:00:00:fb	139	1309
1788016880.405802915	60:ff:9e:50:6e:88	01:00:5e:7f:ff:fa	212	1310
1788016880.405813295	28:c5:d2:27:ce:c8	ff:ff:ff:ff:ff:ff	60	1311
1788016880.406097291	50:bb:b5:35:20:e6	ff:ff:ff:ff:ff:ff	60	1312
1788016880.406107540	50:bb:b5:35:20:e6	ff:ff:ff:ff:ff:ff	60	1313
1788016880.407143361	c0:74:ad:dc:1e:c4	ff:ff:ff:ff:ff:ff	564	1314
1788016880.508910414	aa:06:90:e0:89:6a	33:33:00:00:00:16	90	1315
1788016880.509778964	ec:74:d7:26:67:c8	ff:ff:ff:ff:ff:ff	564	1316
1788016880.510624742	ec:74:d7:26:67:c8	ff:ff:ff:ff:ff:ff	564	1317
1788016880.511462045	ec:74:d7:26:67:c8	ff:ff:ff:ff:ff:ff	564	1318
1788016880.511624366	08:f9:7e:17:f5:89	ff:ff:ff:ff:ff:ff	60	1319
1788016880.511793660	08:f9:7e:17:f5:89	33:33:ff:cc:1e:aa	78	1320
1788016880.511967352	08:f9:7e:17:f5:89	33:33:00:00:00:02	62	1321
1788016880.512314576	08:f9:7e:17:f5:89	33:33:00:00:00:16	150	1322
1788016880.512627145	aa:06:90:e0:89:6a	33:33:00:00:00:fb	156	1323
1788016880.512902586	1c:7a:cf:9a:47:b5	33:33:00:00:00:fb	139	1324
1788016880.513200548	aa:06:90:e0:89:6a	01:00:5e:00:00:fb	136	1325
1788016880.513368009	1c:7a:cf:9a:47:b5	01:00:5e:00:00:fb	119	1326
1788016880.513613975	08:f9:7e:17:f5:89	01:00:5e:00:00:16	70	1327
1788016880.513766668	00:01:21:48:26:89	ff:ff:ff:ff:ff:ff	60	1328
1788016880.611674235	08:f9:7e:17:f5:89	01:00:5e:00:00:fc	75	1329
1788016880.611660129	c0:74:ad:dc:24:5c	ff:ff:ff:ff:ff:ff	564	1330
1788016880.611674406	08:f9:7e:17:f5:89	33:33:00:01:00:03	95	1331
1788016880.611953493	8a:df:7d:63:35:99	33:33:00:00:00:fb	155	1332
1788016880.612357652	8a:df:7d:63:35:99	01:00:5e:00:00:fb	135	1333
1788016880.613330997	ec:74:d7:26:6a:60	33:33:00:01:00:02	172	1334
1788016880.613321670	ec:74:d7:26:8b:60	ff:ff:ff:ff:ff:ff	564	1335
1788016880.713674801	1a:12:c8:d0:94:05	01:00:5e:00:00:fc	83	1336
1788016880.713686172	00:01:21:48:26:89	ff:ff:ff:ff:ff:ff	60	1337
1788016880.713804472	00:01:21:48:26:89	ff:ff:ff:ff:ff:ff	60	1338
1788016880.714051350	0e:ef:15:03:c7:1a	ff:ff:ff:ff:ff:ff	60	1339
1788016880.714229830	f4:d1:08:d0:10:5b	ff:ff:ff:ff:ff:ff	60	1340
1788016880.714407590	0e:ef:15:03:c7:1a	ff:ff:ff:ff:ff:ff	60	1341
1788016880.714586171	0e:ef:15:03:c7:1a	ff:ff:ff:ff:ff:ff	60	1342
1788016880.714872873	aa:06:90:e0:89:6a	01:00:5e:00:00:fb	136	1343
1788016880.715174913	aa:06:90:e0:89:6a	33:33:00:00:00:fb	156	1344
1788016880.815329036	bc:29:78:87:0d:40	ff:ff:ff:ff:ff:ff	60	1345
1788016880.815609666	ba:2c:1a:e5:48:eb	ff:ff:ff:ff:ff:ff	92	1346
1788016880.815610007	1a:12:c8:d0:94:05	01:00:5e:00:00:fb	83	1347
1788016880.918307334	28:c5:d2:27:ce:c8	ff:ff:ff:ff:ff:ff	60	1348
1788016880.918590149	58:02:05:7e:68:60	ff:ff:ff:ff:ff:ff	60	1349
1788016880.919434725	c0:74:ad:dc:1f:d0	ff:ff:ff:ff:ff:ff	564	1350
1788016880.920317882	a0:85:27:fb:cf:b1	33:33:00:01:00:03	86	1351
1788016880.920310649	ec:74:d7:26:7f:a4	ff:ff:ff:ff:ff:ff	564	1352
1788016881.020234196	08:f9:7e:17:f5:89	33:33:00:00:00:16	130	1353
1788016881.020371551	08:f9:7e:17:f5:89	01:00:5e:00:00:16	62	1354
1788016881.020708385	aa:06:90:e0:89:6a	01:00:5e:00:00:fb	136	1355
1788016881.020999284	aa:06:90:e0:89:6a	33:33:00:00:00:fb	156	1356
1788016881.021153571	aa:06:90:e0:89:6a	33:33:00:00:00:16	90	1357
1788016881.022069329	ec:74:d7:26:8a:bc	ff:ff:ff:ff:ff:ff	564	1358
1788016881.022393279	ec:74:d7:26:8b:60	33:33:00:01:00:02	172	1359
1788016881.022621482	58:e4:eb:2d:58:f6	33:33:00:00:00:fb	97	1360
1788016881.022824088	58:e4:eb:2d:58:f6	01:00:5e:00:00:fb	77	1361
1788016881.122555938	00:01:21:48:26:89	ff:ff:ff:ff:ff:ff	60	1362
1788016881.122567529	48:45:e6:80:7f:d9	33:33:ff:d6:7f:cf	86	1363
1788016881.122815108	48:45:e6:80:7f:d9	ff:ff:ff:ff:ff:ff	60	1364
1788016881.123147725	9c:67:d6:eb:9a:1f	33:33:ff:4e:92:9d	86	1365
1788016881.123171900	f8:3d:c6:6a:a9:0e	ff:ff:ff:ff:ff:ff	60	1366
1788016881.123457509	f8:3d:c6:6a:a9:0e	33:33:ff:d6:7f:cf	86	1367
1788016881.123636712	08:f9:7e:17:f5:89	33:33:00:01:00:03	95	1368
1788016881.123781490	08:f9:7e:17:f5:89	01:00:5e:00:00:fc	75	1369
1788016881.124053184	08:f9:7e:17:f5:89	33:33:00:00:00:16	90	1370
1788016881.124458175	08:f9:7e:17:f5:89	33:33:00:00:00:16	90	1371
1788016881.125310746	28:c5:d2:27:ce:c8	33:33:ff:d6:7f:cf	86	1372
1788016881.125310405	ec:74:d7:26:6b:dc	ff:ff:ff:ff:ff:ff	564	1373
1788016881.125580476	28:c5:d2:27:ce:c8	ff:ff:ff:ff:ff:ff	60	1374
1788016881.125580806	08:f9:7e:17:f5:89	01:00:5e:00:00:16	60	1375
1788016881.225462664	08:f9:7e:17:f5:89	01:00:5e:00:00:16	60	1376
1788016881.225594999	3a:6c:4b:9a:b6:00	33:33:00:00:00:fb	139	1377
1788016881.225996053	3a:6c:4b:9a:b6:00	01:00:5e:00:00:fb	119	1378
1788016881.225996354	94:bb:43:b5:91:38	33:33:ff:d6:7f:cf	86	1379
1788016881.226497363	94:bb:43:b5:91:38	ff:ff:ff:ff:ff:ff	60	1380
1788016881.226497693	08:f9:7e:17:f5:89	33:33:00:01:00:02	120	1381
1788016881.226630680	c0:e4:34:bf:ed:ab	ff:ff:ff:ff:ff:ff	60	1382
1788016881.227215414	5e:92:7e:cb:a8:68	33:33:00:00:00:fb	135	1383
1788016881.227215725	5e:92:7e:cb:a8:68	33:33:00:00:00:fb	155	1384
1788016881.227666681	5e:92:7e:cb:a8:68	01:00:5e:00:00:fb	115	1385
1788016881.227713628	5e:92:7e:cb:a8:68	01:00:5e:00:00:fb	135	1386
1788016881.329500247	aa:06:90:e0:89:6a	33:33:00:00:00:fb	502	1387
1788016881.329514624	aa:06:90:e0:89:6a	01:00:5e:00:00:fb	482	1388
1788016881.330530017	c0:74:ad:dc:2d:dc	ff:ff:ff:ff:ff:ff	564	1389
1788016881.331327676	ec:74:d7:26:8a:d8	ff:ff:ff:ff:ff:ff	564	1390
1788016881.429893844	60:ff:9e:50:6e:88	01:00:5e:7f:ff:fa	212	1391
1788016881.430032952	1a:12:c8:d0:94:05	01:00:5e:00:00:fb	132	1392
1788016881.430309365	1a:12:c8:d0:94:05	01:00:5e:00:00:fb	83	1393
1788016881.430473269	1a:12:c8:d0:94:05	01:00:5e:00:00:fb	84	1394
1788016881.430918885	aa:06:90:e0:89:6a	01:00:5e:00:00:fb	180	1395
1788016881.431760986	c0:74:ad:dc:1e:c4	ff:ff:ff:ff:ff:ff	564	1396
1788016881.432048800	aa:06:90:e0:89:6a	01:00:5e:00:00:fb	131	1397
1788016881.432049210	82:29:26:8b:c0:24	ff:ff:ff:ff:ff:ff	60	1398
1788016881.432708172	9e:fa:dc:2b:94:b9	01:00:5e:00:00:fb	289	1399
1788016881.433547819	c0:74:ad:dc:20:90	ff:ff:ff:ff:ff:ff	564	1400
1788016881.434404728	c0:74:ad:dc:20:90	ff:ff:ff:ff:ff:ff	564	1401
1788016881.435252390	c0:74:ad:dc:20:90	ff:ff:ff:ff:ff:ff	564	1402
1788016881.436241985	ec:74:d7:26:67:c8	ff:ff:ff:ff:ff:ff	564	1403
1788016881.436495555	46:8c:7f:05:e2:52	01:00:5e:00:00:fb	289	1404
1788016881.437449193	ec:74:d7:26:6a:94	ff:ff:ff:ff:ff:ff	564	1405
1788016881.532899704	de:81:f5:b6:7e:78	01:00:5e:7f:ff:fa	167	1406
1788016881.533389753	1c:ce:51:42:91:dc	01:00:5e:00:00:fb	314	1407
1788016881.533548357	08:f9:7e:17:f5:89	ff:ff:ff:ff:ff:ff	60	1408
1788016881.533777953	08:f9:7e:17:f5:89	33:33:00:00:00:01	86	1409
1788016881.533943910	08:f9:7e:17:f5:89	33:33:00:00:00:02	70	1410
1788016881.534301013	08:f9:7e:17:f5:89	33:33:00:00:00:16	90	1411
1788016881.534740948	48:45:e6:80:7f:d9	01:00:5e:00:00:fb	338	1412
1788016881.535221910	82:b3:26:16:b2:a9	01:00:5e:00:00:fb	290	1413
1788016881.535376186	ca:82:d5:1c:6a:d4	01:00:5e:00:00:fb	103	1414
1788016881.535654362	08:f9:7e:17:f5:89	01:00:5e:00:00:fc	75	1415
1788016881.535896471	ca:82:d5:1c:6a:d4	33:33:00:00:00:fb	123	1416
1788016881.536139271	08:f9:7e:17:f5:89	33:33:00:01:00:03	95	1417
1788016881.536626054	42:5c:d0:93:46:e8	01:00:5e:00:00:fb	289	1418
1788016881.536743972	08:f9:7e:17:f5:89	01:00:5e:00:00:16	60	1419
1788016881.537017299	ce:76:53:2e:6a:94	33:33:00:00:00:16	90	1420
1788016881.537504633	0a:98:67:85:c4:40	01:00:5e:00:00:fb	290	1421
1788016881.537989201	a2:85:e5:02:80:d8	01:00:5e:00:00:fb	290	1422
1788016881.538473970	be:b3:51:01:2d:df	01:00:5e:00:00:fb	289	1423
1788016881.538959019	52:41:e7:a7:82:11	01:00:5e:00:00:fb	289	1424
1788016881.539111422	00:01:21:48:26:89	ff:ff:ff:ff:ff:ff	60	1425
1788016881.539596842	7e:b4:44:82:1b:ad	01:00:5e:00:00:fb	290	1426
1788016881.540076361	d6:32:7c:eb:99:43	01:00:5e:00:00:fb	290	1427
1788016881.540560849	ee:cb:db:2a:c3:07	01:00:5e:00:00:fb	290	1428
1788016881.541045147	a6:d9:77:da:78:11	01:00:5e:00:00:fb	290	1429
1788016881.541530487	a2:d8:19:46:ee:7d	01:00:5e:00:00:fb	290	1430
1788016881.541856251	de:81:f5:b6:7e:78	01:00:5e:7f:ff:fa	167	1431
1788016881.634644165	00:01:21:48:26:89	ff:ff:ff:ff:ff:ff	60	1432
1788016881.634916069	72:cb:5f:64:c5:82	01:00:5e:00:00:fb	290	1433
1788016881.635552640	aa:65:71:eb:c5:b2	01:00:5e:00:00:fb	290	1434
1788016881.635564151	c6:73:e0:30:57:4a	01:00:5e:00:00:fb	103	1435
1788016881.635827419	c6:73:e0:30:57:4a	33:33:00:00:00:fb	123	1436
1788016881.636005069	58:02:05:7e:68:60	ff:ff:ff:ff:ff:ff	60	1437
1788016881.636683957	e2:e9:dc:b3:7e:90	01:00:5e:00:00:fb	290	1438
1788016881.743646754	de:81:f5:b6:7e:78	01:00:5e:7f:ff:fa	167	1439
1788016881.743660260	ca:82:d5:1c:6a:d4	01:00:5e:00:00:fb	76	1440
1788016881.839575582	32:84:bd:f6:61:2e	33:33:00:00:00:fb	139	1441
1788016881.839871872	32:84:bd:f6:61:2e	01:00:5e:00:00:fb	119	1442
1788016881.841681637	c2:f6:4b:9f:55:56	33:33:00:00:00:fb	171	1443
1788016881.841667391	ec:74:d7:26:6a:60	ff:ff:ff:ff:ff:ff	564	1444
1788016881.841681818	c2:f6:4b:9f:55:56	01:00:5e:00:00:fb	151	1445
1788016881.841681988	58:02:05:7e:68:60	ff:ff:ff:ff:ff:ff	60	1446
1788016881.841682168	28:c5:d2:27:ce:c8	ff:ff:ff:ff:ff:ff	60	1447
1788016881.841952890	28:c5:d2:27:ce:c8	ff:ff:ff:ff:ff:ff	60	1448
1788016881.841953191	48:45:e6:80:7f:d9	ff:ff:ff:ff:ff:ff	60	1449
1788016881.842237468	48:45:e6:80:7f:d9	33:33:ff:d6:7f:cf	86	1450
1788016881.842422110	0e:ef:15:03:c7:1a	ff:ff:ff:ff:ff:ff	60	1451
1788016881.842484035	0e:ef:15:03:c7:1a	ff:ff:ff:ff:ff:ff	60	1452
1788016881.842890018	0e:ef:15:03:c7:1a	ff:ff:ff:ff:ff:ff	60	1453
1788016881.842890449	0e:ef:15:03:c7:1a	ff:ff:ff:ff:ff:ff	60	1454
1788016881.942533443	16:b4:52:4c:59:5e	ff:ff:ff:ff:ff:ff	60	1455
1788016881.943391645	ec:74:d7:26:7f:a4	ff:ff:ff:ff:ff:ff	564	1456
1788016881.943634264	a6:d9:77:da:78:11	01:00:5e:00:00:fb	135	1457
1788016881.943770056	a6:d9:77:da:78:11	33:33:00:00:00:fb	155	1458
1788016881.945062733	58:e4:eb:2d:58:f6	01:00:5e:00:00:fb	619	1459
1788016881.945111053	58:e4:eb:2d:58:f6	33:33:00:00:00:fb	97	1460
1788016881.946241629	58:e4:eb:2d:58:f6	33:33:00:00:00:fb	639	1461
1788016882.045229303	48:45:e6:80:7f:d9	01:00:5e:00:00:fb	299	1462
1788016882.045236146	e0:8f:4c:2b:18:cb	01:00:5e:00:00:fb	281	1463
1788016882.045509563	e0:8f:4c:2b:18:cb	33:33:00:00:00:fb	301	1464
1788016882.045972401	60:ff:9e:50:6e:88	01:00:5e:4d:4d:4d	155	1465
1788016882.046778366	58:02:05:7e:68:60	33:33:00:00:00:fb	473	1466
1788016882.047397714	58:02:05:7e:68:60	01:00:5e:00:00:fb	453	1467
1788016882.048223014	ec:74:d7:26:6a:a8	ff:ff:ff:ff:ff:ff	564	1468
1788016882.049000075	00:45:e2:ab:48:c3	33:33:00:00:00:fb	427	1469
1788016882.049377465	00:45:e2:ab:48:c3	01:00:5e:00:00:fb	407	1470
1788016882.050108601	44:a3:bb:1b:4f:09	01:00:5e:00:00:fb	337	1471
1788016882.050108921	ce:76:53:2e:6a:94	33:33:00:00:00:16	90	1472
1788016882.051527862	48:45:e6:80:7f:d9	33:33:00:00:00:fb	319	1473
1788016882.051541478	44:a3:bb:1b:4f:09	33:33:00:00:00:fb	357	1474
1788016882.052178900	be:b3:51:01:2d:df	01:00:5e:00:00:fb	480	1475
1788016882.052907591	be:b3:51:01:2d:df	33:33:00:00:00:fb	500	1476
1788016882.053431422	90:10:57:c5:0f:bc	01:00:5e:00:00:fb	323	1477
1788016882.053991681	90:10:57:c5:0f:bc	33:33:00:00:00:fb	343	1478
1788016882.148800532	50:2e:91:66:b5:28	33:33:00:00:00:fb	869	1479
1788016882.150540709	50:2e:91:66:b5:28	01:00:5e:00:00:fb	849	1480
1788016882.150554965	92:38:9d:2b:eb:f7	33:33:00:00:00:02	70	1481
1788016882.151383942	c0:e4:34:bf:ed:ab	01:00:5e:00:00:fb	827	1482
1788016882.153034964	c0:e4:34:bf:ed:ab	33:33:00:00:00:fb	847	1483
1788016882.153045904	be:8f:61:42:7d:73	01:00:5e:00:00:fb	119	1484
1788016882.250329504	ec:74:d7:26:6a:ac	ff:ff:ff:ff:ff:ff	564	1485
1788016882.250728584	c0:35:32:3a:07:5f	01:00:5e:00:00:fb	479	1486
1788016882.251208574	b2:79:97:9b:49:90	01:00:5e:7f:ff:fa	199	1487
1788016882.252061956	c0:35:32:3a:07:5f	33:33:00:00:00:fb	499	1488
1788016882.252721720	aa:06:90:e0:89:6a	01:00:5e:00:00:fb	482	1489
1788016882.253489493	aa:06:90:e0:89:6a	33:33:00:00:00:fb	502	1490
1788016882.253757801	2e:b0:b6:7e:e7:03	01:00:5e:7f:ff:fa	167	1491
1788016882.254645176	ec:74:d7:26:8a:d8	ff:ff:ff:ff:ff:ff	564	1492
1788016882.352384842	60:ff:9e:50:6e:88	01:00:5e:7f:ff:fa	212	1493
1788016882.355455495	00:01:21:48:26:89	20:58:43:71:e2:64	96	1494
1788016882.355733872	20:58:43:71:e2:64	00:01:21:48:26:89	81	1495
1788016882.453606644	58:02:05:7e:68:60	ff:ff:ff:ff:ff:ff	60	1496
1788016882.453617003	58:02:05:7e:68:60	ff:ff:ff:ff:ff:ff	60	1497
1788016882.453888737	a0:46:5a:4c:a8:00	01:00:5e:00:00:fb	135	1498
1788016882.454839179	ec:74:d7:26:7e:2c	ff:ff:ff:ff:ff:ff	564	1499
1788016882.454977426	a0:46:5a:4c:a8:00	33:33:00:00:00:fb	155	1500
1788016882.455282281	5e:92:7e:cb:a8:68	ff:ff:ff:ff:ff:ff	60	1501
1788016882.456134702	c0:74:ad:dc:1e:64	ff:ff:ff:ff:ff:ff	564	1502
1788016882.456994787	c0:74:ad:dc:20:90	ff:ff:ff:ff:ff:ff	564	1503
1788016882.457828973	20:23:51:c3:7b:98	ff:ff:ff:ff:ff:ff	546	1504
1788016882.457840084	08:f9:7e:17:f5:89	ff:ff:ff:ff:ff:ff	60	1505
1788016882.458073948	08:f9:7e:17:f5:89	33:33:00:00:00:02	70	1506
1788016882.555980713	5e:92:7e:cb:a8:68	33:33:00:00:00:16	110	1507
1788016882.556520604	a0:b3:39:3a:9b:39	33:33:00:00:00:fb	299	1508
1788016882.556996056	a0:b3:39:3a:9b:39	01:00:5e:00:00:fb	279	1509
1788016882.557190286	96:e9:b6:a2:df:17	33:33:00:00:00:16	90	1510
1788016882.557385177	00:01:21:48:26:89	ff:ff:ff:ff:ff:ff	60	1511
1788016882.557547789	5e:92:7e:cb:a8:68	ff:ff:ff:ff:ff:ff	60	1512
1788016882.558410839	c0:74:ad:dc:23:fc	ff:ff:ff:ff:ff:ff	564	1513
1788016882.558580464	58:02:05:7e:68:60	ff:ff:ff:ff:ff:ff	60	1514
1788016882.558759506	5e:92:7e:cb:a8:68	ff:ff:ff:ff:ff:ff	60	1515
1788016882.659806353	00:01:21:48:26:89	ff:ff:ff:ff:ff:ff	60	1516
1788016882.659821071	96:e9:b6:a2:df:17	33:33:00:00:00:fb	156	1517
1788016882.659820890	5a:87:3a:4b:60:93	ff:ff:ff:ff:ff:ff	60	1518
1788016882.660075853	96:e9:b6:a2:df:17	01:00:5e:00:00:fb	136	1519
1788016882.660261387	96:8e:73:86:2c:56	33:33:00:00:00:fb	139	1520
1788016882.660739233	96:8e:73:86:2c:56	01:00:5e:00:00:fb	119	1521
1788016882.660750785	02:47:0c:79:b6:ba	33:33:00:00:00:02	70	1522
1788016882.661021607	16:75:df:8c:48:28	ff:ff:ff:ff:ff:ff	60	1523
1788016882.661302808	96:00:e1:d3:51:e0	33:33:00:00:00:fb	139	1524
1788016882.661475258	96:00:e1:d3:51:e0	01:00:5e:00:00:fb	119	1525
1788016882.662282305	c0:bf:be:7a:f7:6e	33:33:00:00:00:fb	429	1526
1788016882.662932230	c0:bf:be:7a:f7:6e	01:00:5e:00:00:fb	409	1527
1788016882.739302430	20:58:43:71:e2:64	00:01:21:48:26:89	54	1528
1788016882.757737584	00:01:21:48:26:89	20:58:43:71:e2:64	60	1529
1788016882.766191410	1a:12:c8:d0:94:05	01:00:5e:00:00:fb	82	1530
1788016882.766192101	86:ab:48:b9:48:11	33:33:00:00:00:fb	123	1531
1788016882.766461000	86:ab:48:b9:48:11	33:33:00:00:00:fb	139	1532
1788016882.766978099	86:ab:48:b9:48:11	33:33:00:00:00:fb	139	1533
1788016882.766978419	86:ab:48:b9:48:11	01:00:5e:00:00:fb	103	1534
1788016882.767378842	86:ab:48:b9:48:11	01:00:5e:00:00:fb	119	1535
1788016882.767426410	86:ab:48:b9:48:11	01:00:5e:00:00:fb	119	1536
1788016882.767854934	86:ab:48:b9:48:11	33:33:00:00:00:16	90	1537
1788016882.767855255	00:01:21:48:26:89	ff:ff:ff:ff:ff:ff	60	1538
1788016882.767987751	00:01:21:48:26:89	ff:ff:ff:ff:ff:ff	60	1539
1788016882.768377824	86:ab:48:b9:48:11	01:00:5e:00:00:16	60	1540
1788016882.769043558	04:68:74:76:1c:87	33:33:00:00:00:fb	349	1541
1788016882.769043889	04:68:74:76:1c:87	33:33:00:00:00:fb	104	1542
1788016882.769412092	04:68:74:76:1c:87	33:33:00:00:00:fb	104	1543
1788016882.770067838	04:68:74:76:1c:87	33:33:00:00:00:fb	349	1544
1788016882.770545704	04:68:74:76:1c:87	33:33:00:00:00:fb	349	1545
1788016882.771137882	04:68:74:76:1c:87	33:33:00:00:00:fb	349	1546
1788016882.771149323	04:68:74:76:1c:87	01:00:5e:00:00:fb	84	1547
1788016882.771861153	04:68:74:76:1c:87	01:00:5e:00:00:fb	329	1548
1788016882.771861474	04:68:74:76:1c:87	01:00:5e:00:00:fb	84	1549
1788016882.772602428	04:68:74:76:1c:87	01:00:5e:00:00:fb	329	1550
1788016882.773153239	04:68:74:76:1c:87	01:00:5e:00:00:fb	329	1551
1788016882.773498619	04:68:74:76:1c:87	01:00:5e:00:00:fb	329	1552
1788016882.774546753	1a:12:c8:d0:94:05	01:00:5e:00:00:fb	82	1553
1788016882.774537215	ec:74:d7:26:84:a0	ff:ff:ff:ff:ff:ff	564	1554
1788016882.863916679	86:ab:48:b9:48:11	33:33:00:00:00:16	90	1555
1788016882.864217867	5a:7f:e2:d5:e0:80	01:00:5e:00:00:fb	119	1556
1788016882.864374928	50:bb:b5:35:20:e6	ff:ff:ff:ff:ff:ff	60	1557
1788016882.864779999	50:bb:b5:35:20:e6	ff:ff:ff:ff:ff:ff	60	1558
1788016882.864791701	06:80:0d:76:7f:6e	33:33:00:00:00:02	70	1559
1788016882.865077060	0e:ef:15:03:c7:1a	ff:ff:ff:ff:ff:ff	60	1560
1788016882.865087700	0e:ef:15:03:c7:1a	ff:ff:ff:ff:ff:ff	60	1561
1788016882.865360766	0e:ef:15:03:c7:1a	ff:ff:ff:ff:ff:ff	60	1562
1788016882.865498532	5e:da:09:0e:7c:09	33:33:00:00:00:fb	102	1563
1788016882.865935893	5e:da:09:0e:7c:09	01:00:5e:00:00:fb	82	1564
1788016882.865936303	5e:da:09:0e:7c:09	01:00:5e:00:00:fb	103	1565
1788016882.866237712	5e:da:09:0e:7c:09	33:33:00:00:00:fb	123	1566
1788016882.866760832	5e:92:7e:cb:a8:68	33:33:00:00:00:16	110	1567
1788016882.866761243	5e:da:09:0e:7c:09	33:33:00:00:00:16	90	1568
1788016882.966818406	5e:da:09:0e:7c:09	33:33:00:00:00:fb	139	1569
1788016882.966829997	5e:da:09:0e:7c:09	01:00:5e:00:00:fb	119	1570
1788016882.967127138	1a:12:c8:d0:94:05	01:00:5e:00:00:fb	83	1571
1788016882.967269913	5e:da:09:0e:7c:09	01:00:5e:00:00:16	60	1572
1788016882.967611747	90:10:57:c5:0f:bc	ff:ff:ff:ff:ff:ff	60	1573
1788016882.967753169	3a:ff:fb:94:e9:43	01:00:5e:00:00:fb	119	1574
1788016882.968135779	3a:ff:fb:94:e9:43	33:33:00:00:00:fb	139	1575
1788016882.968191031	96:e9:b6:a2:df:17	01:00:5e:00:00:fb	136	1576
1788016882.968721535	96:e9:b6:a2:df:17	33:33:00:00:00:fb	156	1577
1788016882.968721805	96:e9:b6:a2:df:17	33:33:00:00:00:16	90	1578
1788016882.969209349	3a:a6:0a:82:04:ec	33:33:00:00:00:16	130	1579
1788016882.970093058	88:52:eb:08:5f:a5	01:00:5e:00:00:fb	573	1580
1788016882.971079187	88:52:eb:08:5f:a5	33:33:00:00:00:fb	593	1581
1788016882.971090738	5e:92:7e:cb:a8:68	01:00:5e:00:00:fb	87	1582
1788016882.971357803	a0:85:27:fb:cf:b1	ff:ff:ff:ff:ff:ff	60	1583
1788016882.972000896	a0:85:27:fb:cf:b1	ff:ff:ff:ff:ff:ff	347	1584
1788016882.972761326	ec:74:d7:26:86:78	ff:ff:ff:ff:ff:ff	564	1585
1788016882.973308861	16:75:df:8c:48:28	ff:ff:ff:ff:ff:ff	340	1586
1788016883.068579275	5e:92:7e:cb:a8:68	33:33:00:00:00:fb	107	1587
1788016883.068867429	d6:47:e5:44:18:4b	ff:ff:ff:ff:ff:ff	60	1588
1788016883.069013289	96:e9:b6:a2:df:17	01:00:5e:00:00:fb	130	1589
1788016883.070289125	ec:74:d7:26:88:18	ff:ff:ff:ff:ff:ff	564	1590
1788016883.070955421	e2:76:91:53:c7:97	01:00:5e:00:00:fb	119	1591
1788016883.070944541	c0:74:ad:dc:25:08	ff:ff:ff:ff:ff:ff	564	1592
1788016883.071218378	e2:76:91:53:c7:97	33:33:00:00:00:fb	139	1593
1788016883.071666159	9a:36:d7:63:65:d1	33:33:00:00:00:fb	139	1594
1788016883.071711112	9a:36:d7:63:65:d1	01:00:5e:00:00:fb	119	1595
1788016883.072132163	1a:12:c8:d0:94:05	01:00:5e:00:00:fb	82	1596
1788016883.170681239	58:e4:eb:2d:58:f6	ff:ff:ff:ff:ff:ff	60	1597
1788016883.170946240	f8:6d:cc:9f:cc:ce	ff:ff:ff:ff:ff:ff	70	1598
1788016883.170958062	f8:6d:cc:9f:cc:ce	ff:ff:ff:ff:ff:ff	125	1599
1788016883.171359096	f8:6d:cc:9f:cc:ce	ff:ff:ff:ff:ff:ff	70	1600
1788016883.171370687	f8:6d:cc:9f:cc:ce	ff:ff:ff:ff:ff:ff	70	1601
1788016883.171646278	f8:6d:cc:9f:cc:ce	ff:ff:ff:ff:ff:ff	125	1602
1788016883.171950282	f8:6d:cc:9f:cc:ce	ff:ff:ff:ff:ff:ff	125	1603
1788016883.172254136	f8:6d:cc:9f:cc:ce	ff:ff:ff:ff:ff:ff	125	1604
1788016883.172265877	f8:6d:cc:9f:cc:ce	ff:ff:ff:ff:ff:ff	60	1605
1788016883.172538092	f8:6d:cc:9f:cc:ce	ff:ff:ff:ff:ff:ff	70	1606
1788016883.172698900	f8:6d:cc:9f:cc:ce	ff:ff:ff:ff:ff:ff	60	1607
1788016883.173018373	f8:6d:cc:9f:cc:ce	ff:ff:ff:ff:ff:ff	60	1608
1788016883.173018784	f8:6d:cc:9f:cc:ce	ff:ff:ff:ff:ff:ff	60	1609
1788016883.173298592	f8:6d:cc:9f:cc:ce	ff:ff:ff:ff:ff:ff	70	1610
1788016883.173349236	f8:6d:cc:9f:cc:ce	ff:ff:ff:ff:ff:ff	70	1611
1788016883.173775827	f8:6d:cc:9f:cc:ce	ff:ff:ff:ff:ff:ff	70	1612
1788016883.173785405	f8:6d:cc:9f:cc:ce	ff:ff:ff:ff:ff:ff	70	1613
1788016883.174853326	5e:da:09:0e:7c:09	33:33:00:00:00:16	90	1614
1788016883.174841824	c0:74:ad:dc:1f:68	ff:ff:ff:ff:ff:ff	564	1615
1788016883.175137593	96:e9:b6:a2:df:17	01:00:5e:00:00:fb	136	1616
1788016883.175468146	96:e9:b6:a2:df:17	33:33:00:00:00:fb	156	1617
1788016883.175894186	3a:2d:f8:1f:03:cc	33:33:00:00:00:fb	139	1618
1788016883.175933308	3a:2d:f8:1f:03:cc	01:00:5e:00:00:fb	119	1619
1788016883.242736916	20:58:43:71:e2:64	00:01:21:48:26:89	93	1620
1788016883.242989024	20:58:43:71:e2:64	00:01:21:48:26:89	78	1621
1788016883.270365811	00:01:21:48:26:89	20:58:43:71:e2:64	60	1622
1788016883.273905244	08:f9:7e:17:f5:89	33:33:00:01:00:02	120	1623
1788016883.273916695	86:ab:48:b9:48:11	01:00:5e:00:00:16	60	1624
1788016883.274762063	ec:74:d7:26:88:e0	ff:ff:ff:ff:ff:ff	564	1625
1788016883.275611197	ec:74:d7:26:88:e0	ff:ff:ff:ff:ff:ff	564	1626
1788016883.276456625	ec:74:d7:26:88:e0	ff:ff:ff:ff:ff:ff	564	1627
1788016883.276898144	7e:05:14:52:81:7d	33:33:00:00:00:fb	155	1628
1788016883.276952384	7e:05:14:52:81:7d	01:00:5e:00:00:fb	135	1629
1788016883.277547979	b2:79:97:9b:49:90	01:00:5e:7f:ff:fa	199	1630
1788016883.277699921	70:08:10:f0:b5:d6	33:33:00:00:00:fb	191	1631
1788016883.278076088	70:08:10:f0:b5:d6	01:00:5e:00:00:fb	171	1632
1788016883.278245432	f4:28:9d:ee:b0:a3	ff:ff:ff:ff:ff:ff	60	1633
1788016883.279213217	c0:74:ad:dc:1e:cc	ff:ff:ff:ff:ff:ff	564	1634
1788016883.281475302	00:01:21:48:26:89	20:58:43:71:e2:64	60	1635
1788016883.281511639	20:58:43:71:e2:64	00:01:21:48:26:89	54	1636
1788016883.375503224	ea:9f:d0:4e:c3:62	33:33:00:00:00:fb	139	1637
1788016883.375514935	ea:9f:d0:4e:c3:62	01:00:5e:00:00:fb	119	1638
1788016883.375815913	0e:ef:15:03:c7:1a	ff:ff:ff:ff:ff:ff	60	1639
1788016883.377669250	60:ff:9e:50:6e:88	01:00:5e:7f:ff:fa	212	1640
1788016883.377654803	ec:74:d7:26:67:a4	ff:ff:ff:ff:ff:ff	564	1641
1788016883.377669370	6e:ed:39:cb:b7:11	33:33:00:00:00:fb	139	1642
1788016883.377669491	6e:ed:39:cb:b7:11	01:00:5e:00:00:fb	119	1643
1788016883.377933119	50:bb:b5:35:20:e6	ff:ff:ff:ff:ff:ff	60	1644
1788016883.377933540	50:bb:b5:35:20:e6	ff:ff:ff:ff:ff:ff	60	1645
1788016883.377991618	58:02:05:7e:68:60	ff:ff:ff:ff:ff:ff	60	1646
1788016883.378373706	58:02:05:7e:68:60	ff:ff:ff:ff:ff:ff	60	1647
1788016883.378374127	58:02:05:7e:68:60	ff:ff:ff:ff:ff:ff	60	1648
1788016883.379411581	96:e9:b6:a2:df:17	33:33:00:00:00:fb	500	1649
1788016883.380048292	96:e9:b6:a2:df:17	01:00:5e:00:00:fb	480	1650
1788016883.380988245	c0:74:ad:dc:1e:c4	ff:ff:ff:ff:ff:ff	564	1651
1788016883.381758774	c0:74:ad:dc:1e:c4	ff:ff:ff:ff:ff:ff	564	1652
1788016883.478099555	1a:12:c8:d0:94:05	01:00:5e:00:00:fb	83	1653
1788016883.478923583	ec:74:d7:26:7e:d0	ff:ff:ff:ff:ff:ff	564	1654
1788016883.479066598	96:4f:0d:6f:b1:4a	01:00:5e:00:00:fb	103	1655
1788016883.479407701	96:4f:0d:6f:b1:4a	33:33:00:00:00:fb	123	1656
1788016883.479679174	3a:a6:0a:82:04:ec	33:33:00:00:00:16	130	1657
1788016883.480534049	ec:74:d7:26:6a:94	ff:ff:ff:ff:ff:ff	564	1658
1788016883.480711578	08:f9:7e:17:f5:89	ff:ff:ff:ff:ff:ff	60	1659
1788016883.480891753	e8:65:38:80:cb:cb	ff:ff:ff:ff:ff:ff	60	1660
1788016883.580527534	ec:74:d7:26:69:c4	ff:ff:ff:ff:ff:ff	564	1661
1788016883.581907032	90:10:57:c5:0f:bc	ff:ff:ff:ff:ff:ff	60	1662
1788016883.581895881	c0:74:ad:dc:24:5c	ff:ff:ff:ff:ff:ff	564	1663
1788016883.581907152	90:10:57:c5:0f:bc	ff:ff:ff:ff:ff:ff	60	1664
1788016883.682847583	00:01:21:48:26:89	ff:ff:ff:ff:ff:ff	60	1665
1788016883.682861609	fa:7a:af:1d:f5:85	33:33:00:00:00:fb	139	1666
1788016883.683116922	fa:7a:af:1d:f5:85	01:00:5e:00:00:fb	119	1667
1788016883.683268854	5a:7f:e2:d5:e0:80	33:33:00:00:00:fb	139	1668
1788016883.683758542	da:0d:f2:5b:00:96	01:00:5e:00:00:fb	119	1669
1788016883.683917747	da:0d:f2:5b:00:96	33:33:00:00:00:fb	139	1670
1788016883.685243746	dc:45:46:52:ad:aa	ff:ff:ff:ff:ff:ff	60	1671
1788016883.685234289	ec:74:d7:26:6a:a4	ff:ff:ff:ff:ff:ff	564	1672
1788016883.785568915	86:ab:48:b9:48:11	01:00:5e:00:00:fb	119	1673
1788016883.785913965	86:ab:48:b9:48:11	33:33:00:00:00:fb	139	1674
1788016883.785919225	5a:87:3a:4b:60:93	ff:ff:ff:ff:ff:ff	60	1675
1788016883.786176703	3c:64:cf:3b:f6:5b	ff:ff:ff:ff:ff:ff	60	1676
1788016883.786453386	36:b2:9c:1a:4f:25	01:00:5e:00:00:fb	119	1677
1788016883.786607321	36:b2:9c:1a:4f:25	33:33:00:00:00:fb	139	1678
1788016883.787573943	5e:da:09:0e:7c:09	01:00:5e:00:00:16	60	1679
1788016883.787573623	ec:74:d7:26:84:a0	ff:ff:ff:ff:ff:ff	564	1680
1788016883.787921708	f4:28:9d:ee:b0:a3	ff:ff:ff:ff:ff:ff	60	1681
1788016883.788777255	0e:ef:15:03:c7:1a	ff:ff:ff:ff:ff:ff	60	1682
1788016883.788776924	ec:74:d7:26:67:b0	ff:ff:ff:ff:ff:ff	564	1683
1788016883.789037828	0e:ef:15:03:c7:1a	ff:ff:ff:ff:ff:ff	60	1684
1788016883.789086158	0e:ef:15:03:c7:1a	ff:ff:ff:ff:ff:ff	60	1685
1788016883.789479597	0e:ef:15:03:c7:1a	ff:ff:ff:ff:ff:ff	60	1686
1788016883.789479928	0e:ef:15:03:c7:1a	ff:ff:ff:ff:ff:ff	60	1687
1788016883.789634695	0e:ef:15:03:c7:1a	ff:ff:ff:ff:ff:ff	60	1688
1788016883.789985195	0e:ef:15:03:c7:1a	ff:ff:ff:ff:ff:ff	60	1689
1788016883.789985545	0e:ef:15:03:c7:1a	ff:ff:ff:ff:ff:ff	60	1690
1788016883.790339903	0e:ef:15:03:c7:1a	ff:ff:ff:ff:ff:ff	60	1691
1788016883.790340223	0e:ef:15:03:c7:1a	ff:ff:ff:ff:ff:ff	60	1692
1788016883.790692106	0e:ef:15:03:c7:1a	ff:ff:ff:ff:ff:ff	60	1693
1788016883.790692436	0e:ef:15:03:c7:1a	ff:ff:ff:ff:ff:ff	60	1694
1788016883.791043107	0e:ef:15:03:c7:1a	ff:ff:ff:ff:ff:ff	60	1695
1788016883.791043467	0e:ef:15:03:c7:1a	ff:ff:ff:ff:ff:ff	60	1696
1788016883.791397454	0e:ef:15:03:c7:1a	ff:ff:ff:ff:ff:ff	60	1697
1788016883.791397794	0e:ef:15:03:c7:1a	ff:ff:ff:ff:ff:ff	60	1698
1788016883.791750128	0e:ef:15:03:c7:1a	ff:ff:ff:ff:ff:ff	60	1699
1788016883.791750458	0e:ef:15:03:c7:1a	ff:ff:ff:ff:ff:ff	60	1700
1788016883.889003140	fa:31:28:36:1a:64	33:33:00:00:00:fb	123	1701
1788016883.888988854	c0:74:ad:dc:1f:78	ff:ff:ff:ff:ff:ff	564	1702
1788016883.889003260	fa:31:28:36:1a:64	01:00:5e:00:00:fb	103	1703
1788016883.890441367	60:ff:9e:1f:06:6e	ff:ff:ff:ff:ff:ff	60	1704
1788016883.890426840	c0:74:ad:dc:1f:d0	ff:ff:ff:ff:ff:ff	564	1705
1788016883.890441538	5e:da:09:0e:7c:09	01:00:5e:00:00:fb	119	1706
1788016883.891377243	5e:da:09:0e:7c:09	33:33:00:00:00:fb	139	1707
1788016883.891370440	ec:74:d7:26:7f:a4	ff:ff:ff:ff:ff:ff	564	1708
1788016883.994320327	f6:1e:06:16:3b:6d	33:33:00:00:00:fb	155	1709
1788016883.994575210	f6:1e:06:16:3b:6d	01:00:5e:00:00:fb	135	1710
1788016883.994575530	94:bb:43:b5:91:38	ff:ff:ff:ff:ff:ff	60	1711
1788016883.994813732	00:01:21:48:26:89	ff:ff:ff:ff:ff:ff	60	1712
1788016883.995206150	60:ff:9e:50:6e:88	01:00:5e:4d:4d:4d	155	1713
1788016883.996064151	16:75:df:8c:48:28	33:33:00:00:00:16	90	1714
1788016883.996063770	ec:74:d7:26:6a:a8	ff:ff:ff:ff:ff:ff	564	1715
1788016884.046740979	20:58:43:71:e2:64	00:01:21:48:26:89	1294	1716
1788016884.046760495	20:58:43:71:e2:64	00:01:21:48:26:89	1294	1717
1788016884.046763741	20:58:43:71:e2:64	00:01:21:48:26:89	1294	1718
1788016884.046766646	20:58:43:71:e2:64	00:01:21:48:26:89	1294	1719
1788016884.046775332	20:58:43:71:e2:64	00:01:21:48:26:89	1294	1720
1788016884.046778528	20:58:43:71:e2:64	00:01:21:48:26:89	1149	1721
1788016884.092901582	24:b2:b9:19:1c:fb	ff:ff:ff:ff:ff:ff	60	1722
1788016884.093041652	e2:76:91:53:c7:97	01:00:5e:00:00:fb	119	1723
1788016884.093366023	e2:76:91:53:c7:97	33:33:00:00:00:fb	139	1724
1788016884.093533364	5e:92:7e:cb:a8:68	ff:ff:ff:ff:ff:ff	60	1725
1788016884.096453850	00:01:21:48:26:89	20:58:43:71:e2:64	173	1726
1788016884.096454130	00:01:21:48:26:89	20:58:43:71:e2:64	75	1727
1788016884.096712259	20:58:43:71:e2:64	00:01:21:48:26:89	81	1728
1788016884.195215029	42:5c:d0:93:46:e8	01:00:5e:00:00:fb	151	1729
1788016884.195229285	42:5c:d0:93:46:e8	33:33:00:00:00:fb	171	1730
1788016884.195229466	52:66:40:21:1e:97	ff:ff:ff:ff:ff:ff	60	1731
1788016884.195484599	c0:74:ad:dc:20:90	33:33:00:01:00:02	172	1732
1788016884.195968586	da:24:59:df:0a:c7	01:00:5e:00:00:fb	119	1733
1788016884.196124325	da:24:59:df:0a:c7	33:33:00:00:00:fb	139	1734
1788016884.196294701	94:bb:43:b5:91:38	ff:ff:ff:ff:ff:ff	60	1735
1788016884.298483046	aa:06:90:e0:89:6a	01:00:5e:00:00:fb	482	1736
1788016884.298487855	aa:06:90:e0:89:6a	33:33:00:00:00:fb	502	1737
1788016884.298747566	94:bb:43:b5:91:38	ff:ff:ff:ff:ff:ff	60	1738
1788016884.298759208	94:bb:43:b5:91:38	ff:ff:ff:ff:ff:ff	60	1739
1788016884.299017647	70:08:10:f0:b5:d6	01:00:5e:00:00:fb	171	1740
1788016884.299600758	70:08:10:f0:b5:d6	33:33:00:00:00:fb	191	1741
1788016884.300321285	a2:d8:19:46:ee:7d	01:00:5e:00:00:fb	482	1742
1788016884.302964065	00:01:21:48:26:89	20:58:43:71:e2:64	650	1743
1788016884.302975697	00:01:21:48:26:89	20:58:43:71:e2:64	2731	1744
1788016884.303697025	20:58:43:71:e2:64	00:01:21:48:26:89	89	1745
1788016884.318096759	00:01:21:48:26:89	20:58:43:71:e2:64	79	1746
1788016884.338372740	20:58:43:71:e2:64	00:01:21:48:26:89	82	1747
1788016884.400656222	a2:d8:19:46:ee:7d	33:33:00:00:00:fb	502	1748
1788016884.400670308	94:bb:43:b5:91:38	ff:ff:ff:ff:ff:ff	60	1749
1788016884.400670489	50:bb:b5:35:20:e6	ff:ff:ff:ff:ff:ff	60	1750
1788016884.400794629	50:bb:b5:35:20:e6	ff:ff:ff:ff:ff:ff	60	1751
1788016884.401021800	00:01:21:48:26:89	ff:ff:ff:ff:ff:ff	60	1752
1788016884.401179042	00:01:21:48:26:89	ff:ff:ff:ff:ff:ff	60	1753
1788016884.402324696	96:e9:b6:a2:df:17	01:00:5e:00:00:fb	480	1754
1788016884.402685986	96:e9:b6:a2:df:17	33:33:00:00:00:fb	500	1755
1788016884.402841665	58:02:05:7e:68:60	ff:ff:ff:ff:ff:ff	60	1756
1788016884.403715666	c0:74:ad:dc:1e:c4	ff:ff:ff:ff:ff:ff	564	1757
1788016884.404564209	c0:74:ad:dc:1e:c4	ff:ff:ff:ff:ff:ff	564	1758
1788016884.404752098	5a:87:3a:4b:60:93	33:33:00:00:00:16	110	1759
1788016884.501522585	00:01:21:48:26:89	ff:ff:ff:ff:ff:ff	60	1760
1788016884.502510076	ec:74:d7:26:67:c8	ff:ff:ff:ff:ff:ff	564	1761
1788016884.503353641	ec:74:d7:26:67:c8	ff:ff:ff:ff:ff:ff	564	1762
1788016884.503399155	ea:9f:d0:4e:c3:62	01:00:5e:00:00:fb	119	1763
1788016884.503695515	94:bb:43:b5:91:38	33:33:ff:d6:7f:cf	86	1764
1788016884.504336062	94:bb:43:b5:91:38	01:00:5e:00:00:fb	295	1765
1788016884.504641148	1a:12:c8:d0:94:05	01:00:5e:00:00:fb	132	1766
1788016884.504641529	1a:12:c8:d0:94:05	01:00:5e:00:00:fb	84	1767
1788016884.504894969	e8:65:38:80:cb:cb	ff:ff:ff:ff:ff:ff	60	1768
1788016884.505454957	46:8c:7f:05:e2:52	01:00:5e:00:00:fb	289	1769
1788016884.505972968	1c:ce:51:42:91:dc	01:00:5e:00:00:fb	314	1770
1788016884.604935791	48:45:e6:80:7f:d9	01:00:5e:00:00:fb	338	1771
1788016884.604947433	5a:87:3a:4b:60:93	ff:ff:ff:ff:ff:ff	60	1772
1788016884.605988463	5a:87:3a:4b:60:93	ff:ff:ff:ff:ff:ff	60	1773
1788016884.605974938	ec:74:d7:26:69:c4	ff:ff:ff:ff:ff:ff	564	1774
1788016884.607470552	c0:74:ad:dc:24:5c	ff:ff:ff:ff:ff:ff	564	1775
1788016884.607821753	c0:74:ad:dc:23:fc	ff:ff:ff:ff:ff:ff	564	1776
1788016884.608581702	c0:74:ad:dc:23:fc	ff:ff:ff:ff:ff:ff	564	1777
1788016884.609427601	c0:74:ad:dc:23:fc	ff:ff:ff:ff:ff:ff	564	1778
1788016884.609928490	be:b3:51:01:2d:df	01:00:5e:00:00:fb	289	1779
1788016884.610091101	14:d1:69:db:63:ba	33:33:00:00:00:02	70	1780
1788016884.610608441	42:5c:d0:93:46:e8	01:00:5e:00:00:fb	289	1781
1788016884.610753410	90:10:57:c5:0f:bc	ff:ff:ff:ff:ff:ff	60	1782
1788016884.611003383	5a:87:3a:4b:60:93	33:33:00:00:00:16	110	1783
1788016884.611498211	52:41:e7:a7:82:11	01:00:5e:00:00:fb	289	1784
1788016884.611651675	50:2e:91:66:b5:28	ff:ff:ff:ff:ff:ff	60	1785
1788016884.612169566	72:cb:5f:64:c5:82	01:00:5e:00:00:fb	290	1786
1788016884.612642102	7e:b4:44:82:1b:ad	01:00:5e:00:00:fb	290	1787
1788016884.612962466	70:08:10:f0:b5:d6	01:00:5e:00:00:fb	171	1788
1788016884.613299010	96:e9:b6:a2:df:17	01:00:5e:00:00:fb	180	1789
1788016884.613881040	d6:32:7c:eb:99:43	01:00:5e:00:00:fb	290	1790
1788016884.614268628	96:e4:d9:c5:18:65	01:00:5e:00:00:fb	290	1791
1788016884.706370458	00:01:21:48:26:89	ff:ff:ff:ff:ff:ff	60	1792
1788016884.707741410	a2:85:e5:02:80:d8	01:00:5e:00:00:fb	290	1793
1788016884.707755787	76:90:ea:e0:5a:4e	01:00:5e:7f:ff:fa	213	1794
1788016884.708011130	c0:74:ad:dc:22:98	ff:ff:ff:ff:ff:ff	564	1795
1788016884.708430418	60:ff:9e:1f:06:6e	ff:ff:ff:ff:ff:ff	60	1796
1788016884.708890030	82:b3:26:16:b2:a9	01:00:5e:00:00:fb	290	1797
1788016884.709217117	0a:98:67:85:c4:40	01:00:5e:00:00:fb	290	1798
1788016884.709858436	9e:fa:dc:2b:94:b9	01:00:5e:00:00:fb	289	1799
1788016884.711043324	ec:74:d7:26:6a:a4	ff:ff:ff:ff:ff:ff	564	1800
1788016884.711323343	ec:74:d7:26:89:08	ff:ff:ff:ff:ff:ff	564	1801
1788016884.712028911	aa:65:71:eb:c5:b2	01:00:5e:00:00:fb	290	1802
1788016884.712896811	50:2e:91:66:b5:28	01:00:5e:00:00:fb	77	1803
1788016884.712884979	c0:74:ad:dc:1e:94	ff:ff:ff:ff:ff:ff	564	1804
1788016884.713156232	50:2e:91:66:b5:28	33:33:00:00:00:fb	97	1805
1788016884.713463942	c0:74:ad:dc:24:5c	33:33:00:01:00:02	172	1806
1788016884.809063869	48:45:e6:80:7f:d9	ff:ff:ff:ff:ff:ff	60	1807
1788016884.809071203	48:45:e6:80:7f:d9	33:33:ff:21:d8:75	86	1808
1788016884.809505037	42:c0:dc:36:45:00	33:33:00:00:00:fb	139	1809
1788016884.809713514	42:c0:dc:36:45:00	01:00:5e:00:00:fb	119	1810
1788016884.809884120	f8:3d:c6:6a:a9:0e	ff:ff:ff:ff:ff:ff	60	1811
1788016884.810102245	f8:3d:c6:6a:a9:0e	33:33:ff:21:d8:75	86	1812
1788016884.810538474	86:ab:48:b9:48:11	01:00:5e:00:00:fb	119	1813
1788016884.810667884	86:ab:48:b9:48:11	33:33:00:00:00:fb	139	1814
1788016884.811500167	ec:74:d7:26:7f:5c	ff:ff:ff:ff:ff:ff	564	1815
1788016884.812328213	ec:74:d7:26:67:b0	ff:ff:ff:ff:ff:ff	564	1816
1788016884.812486326	f4:28:9d:ee:b0:a3	ff:ff:ff:ff:ff:ff	60	1817
1788016884.812813242	28:c5:d2:27:ce:c8	33:33:ff:21:d8:75	86	1818
1788016884.912595956	7e:de:01:58:b5:49	33:33:00:00:00:02	70	1819
1788016884.912610082	0e:ef:15:03:c7:1a	ff:ff:ff:ff:ff:ff	60	1820
1788016884.912610252	0e:ef:15:03:c7:1a	ff:ff:ff:ff:ff:ff	60	1821
1788016884.912610433	0e:ef:15:03:c7:1a	ff:ff:ff:ff:ff:ff	60	1822
1788016884.912610613	0e:ef:15:03:c7:1a	ff:ff:ff:ff:ff:ff	60	1823
1788016884.912865366	0e:ef:15:03:c7:1a	ff:ff:ff:ff:ff:ff	60	1824
1788016884.912865686	0e:ef:15:03:c7:1a	ff:ff:ff:ff:ff:ff	60	1825
1788016884.913427819	0e:ef:15:03:c7:1a	ff:ff:ff:ff:ff:ff	60	1826
1788016884.913438438	5e:da:09:0e:7c:09	01:00:5e:00:00:fb	119	1827
1788016884.913690095	24:b2:b9:19:1c:fb	ff:ff:ff:ff:ff:ff	60	1828
1788016884.913795120	5e:da:09:0e:7c:09	33:33:00:00:00:fb	139	1829
1788016884.914843724	ec:74:d7:26:7f:a4	ff:ff:ff:ff:ff:ff	564	1830
1788016885.014166296	00:01:21:48:26:89	ff:ff:ff:ff:ff:ff	60	1831
1788016885.014166777	00:01:21:48:26:89	ff:ff:ff:ff:ff:ff	60	1832
1788016885.014482442	9a:80:5c:e5:6f:3e	33:33:00:00:00:fb	155	1833
1788016885.014711216	9a:80:5c:e5:6f:3e	01:00:5e:00:00:fb	135	1834
1788016885.015710359	a0:b3:39:3a:9b:39	33:33:ff:21:d8:75	86	1835
1788016885.015710069	ec:74:d7:26:6a:a8	ff:ff:ff:ff:ff:ff	564	1836
1788016885.015952749	a0:b3:39:3a:9b:39	ff:ff:ff:ff:ff:ff	60	1837
1788016885.116632085	ba:2c:1a:e5:48:eb	01:00:5e:00:00:fb	165	1838
1788016885.116643466	ba:2c:1a:e5:48:eb	01:00:5e:00:00:fb	82	1839
1788016885.116643586	9c:67:d6:eb:9a:1f	33:33:ff:4e:92:9d	86	1840
1788016885.218776538	7a:98:31:2a:84:a0	33:33:00:00:00:fb	139	1841
1788016885.218788290	7a:98:31:2a:84:a0	01:00:5e:00:00:fb	119	1842
1788016885.219065404	58:e4:eb:2d:58:f6	ff:ff:ff:ff:ff:ff	60	1843
1788016885.220551019	c0:74:ad:dc:20:14	ff:ff:ff:ff:ff:ff	564	1844
1788016885.220991957	16:50:ed:9e:00:29	33:33:00:00:00:fb	139	1845
1788016885.220978552	c0:74:ad:dc:20:14	ff:ff:ff:ff:ff:ff	564	1846
1788016885.221302012	16:50:ed:9e:00:29	01:00:5e:00:00:fb	119	1847
1788016885.321693945	ec:74:d7:26:84:28	ff:ff:ff:ff:ff:ff	564	1848
1788016885.321983442	70:08:10:f0:b5:d6	01:00:5e:00:00:fb	186	1849
1788016885.322301842	70:08:10:f0:b5:d6	33:33:00:00:00:fb	206	1850
1788016885.323303530	c0:74:ad:dc:1e:cc	ff:ff:ff:ff:ff:ff	564	1851
1788016885.324228585	4a:33:32:d9:f3:69	33:33:00:00:00:fb	139	1852
1788016885.324217124	c0:74:ad:dc:1e:cc	ff:ff:ff:ff:ff:ff	564	1853
1788016885.324500510	4a:33:32:d9:f3:69	01:00:5e:00:00:fb	119	1854
1788016885.324666317	a4:55:90:56:c6:7e	ff:ff:ff:ff:ff:ff	60	1855
1788016885.325121892	fa:ff:97:48:29:db	01:00:5e:7f:ff:fa	167	1856
1788016885.423320187	c6:fd:1a:4a:2d:87	33:33:00:00:00:02	70	1857
1788016885.424845836	50:2e:91:66:b5:28	01:00:5e:00:00:fb	784	1858
1788016885.425648535	50:2e:91:66:b5:28	33:33:00:00:00:fb	804	1859
1788016885.425660187	50:2e:91:66:b5:28	01:00:5e:00:00:fb	93	1860
1788016885.425933293	50:2e:91:66:b5:28	33:33:00:00:00:fb	113	1861
1788016885.426102848	00:01:21:48:26:89	ff:ff:ff:ff:ff:ff	60	1862
1788016885.426247786	00:01:21:48:26:89	ff:ff:ff:ff:ff:ff	60	1863
1788016885.427288727	c0:74:ad:dc:1e:c4	ff:ff:ff:ff:ff:ff	564	1864
1788016885.427322039	e6:cd:5f:28:ab:d0	33:33:00:00:00:fb	123	1865
1788016885.427786901	e6:cd:5f:28:ab:d0	01:00:5e:00:00:fb	103	1866
1788016885.427787322	00:01:21:48:26:89	ff:ff:ff:ff:ff:ff	60	1867
1788016885.428044238	e8:65:38:80:cb:cb	ff:ff:ff:ff:ff:ff	60	1868
1788016885.495845780	20:58:43:71:e2:64	00:01:21:48:26:89	93	1869
1788016885.495934725	20:58:43:71:e2:64	00:01:21:48:26:89	93	1870
1788016885.525985236	08:f9:7e:17:f5:89	ff:ff:ff:ff:ff:ff	60	1871
1788016885.526516601	a0:85:27:fb:cf:b1	ff:ff:ff:ff:ff:ff	347	1872
1788016885.528606747	00:01:21:48:26:89	20:58:43:71:e2:64	60	1873
1788016885.528607048	00:01:21:48:26:89	20:58:43:71:e2:64	93	1874
1788016885.528607168	00:01:21:48:26:89	20:58:43:71:e2:64	93	1875
1788016885.528664605	20:58:43:71:e2:64	00:01:21:48:26:89	54	1876
1788016885.569301398	20:58:43:71:e2:64	00:01:21:48:26:89	54	1877
1788016885.628439573	94:bb:43:b5:91:38	ff:ff:ff:ff:ff:ff	60	1878
1788016885.628578020	94:bb:43:b5:91:38	33:33:ff:d6:7f:cf	86	1879
1788016885.628746813	94:bb:43:b5:91:38	ff:ff:ff:ff:ff:ff	60	1880
1788016885.630264859	aa:65:71:eb:c5:b2	01:00:5e:00:00:fb	103	1881
1788016885.630260130	c0:74:ad:dc:23:fc	ff:ff:ff:ff:ff:ff	564	1882
1788016885.630264979	aa:65:71:eb:c5:b2	33:33:00:00:00:fb	123	1883
1788016885.630519812	50:2e:91:66:b5:28	01:00:5e:00:00:fb	93	1884
1788016885.630531523	50:2e:91:66:b5:28	33:33:00:00:00:fb	113	1885
1788016885.630808307	00:01:21:48:26:89	ff:ff:ff:ff:ff:ff	60	1886
1788016885.630958786	d6:52:53:74:d3:e5	01:00:5e:00:00:fb	103	1887
1788016885.631429729	76:90:ea:e0:5a:4e	01:00:5e:7f:ff:fa	213	1888
1788016885.631607519	d6:52:53:74:d3:e5	33:33:00:00:00:fb	123	1889
1788016885.731507419	00:01:21:48:26:89	ff:ff:ff:ff:ff:ff	60	1890
1788016885.731508451	3e:75:81:c0:f7:8f	33:33:00:00:00:fb	107	1891
1788016885.731792017	3e:75:81:c0:f7:8f	01:00:5e:00:00:fb	87	1892
1788016885.731803488	60:ff:9e:1f:06:6e	ff:ff:ff:ff:ff:ff	60	1893
1788016885.732536568	e0:8f:4c:2b:18:cb	33:33:00:00:00:fb	333	1894
1788016885.732846873	e0:8f:4c:2b:18:cb	01:00:5e:00:00:fb	313	1895
1788016885.733593718	60:ff:9e:1f:06:6e	33:33:00:00:00:fb	335	1896
1788016885.733911127	60:ff:9e:1f:06:6e	01:00:5e:00:00:fb	315	1897
1788016885.734066645	58:e4:eb:2d:58:f6	ff:ff:ff:ff:ff:ff	60	1898
1788016885.734484921	ee:a5:f2:3a:ac:e0	33:33:00:00:00:16	90	1899
1788016885.735359122	0e:ef:15:03:c7:1a	ff:ff:ff:ff:ff:ff	60	1900
1788016885.735345427	c0:74:ad:dc:1e:94	ff:ff:ff:ff:ff:ff	564	1901
1788016885.735619605	0e:ef:15:03:c7:1a	ff:ff:ff:ff:ff:ff	60	1902
1788016885.735757141	50:2e:91:66:b5:28	01:00:5e:00:00:fb	77	1903
1788016885.735929049	50:2e:91:66:b5:28	33:33:00:00:00:fb	97	1904
1788016885.736654264	50:5a:65:c8:11:fb	33:33:00:00:00:fb	327	1905
1788016885.737169370	50:5a:65:c8:11:fb	01:00:5e:00:00:fb	307	1906
1788016885.737455270	50:5a:65:c8:11:fb	33:33:00:00:00:fb	301	1907
1788016885.738137184	50:5a:65:c8:11:fb	01:00:5e:00:00:fb	281	1908
1788016885.738615181	e0:8f:4c:2b:18:cb	01:00:5e:00:00:fb	281	1909
1788016885.738945884	e0:8f:4c:2b:18:cb	33:33:00:00:00:fb	301	1910
1788016885.739335687	ee:a5:f2:3a:ac:e0	01:00:5e:00:00:16	60	1911
1788016885.739987777	28:c5:d2:27:ce:c8	01:00:5e:00:00:fb	453	1912
1788016885.740746494	28:c5:d2:27:ce:c8	33:33:00:00:00:fb	473	1913
1788016885.741570141	c0:74:ad:dc:1e:b4	ff:ff:ff:ff:ff:ff	564	1914
1788016885.742304984	c0:35:32:3a:07:5f	01:00:5e:00:00:fb	479	1915
1788016885.743116138	c0:35:32:3a:07:5f	33:33:00:00:00:fb	499	1916
1788016885.833388694	48:45:e6:80:7f:d9	01:00:5e:00:00:fb	299	1917
1788016885.833883823	48:45:e6:80:7f:d9	33:33:00:00:00:fb	319	1918
1788016885.834607645	58:02:05:7e:68:60	01:00:5e:00:00:fb	453	1919
1788016885.835327861	58:02:05:7e:68:60	33:33:00:00:00:fb	473	1920
1788016885.835986141	44:a3:bb:1b:4f:09	01:00:5e:00:00:fb	337	1921
1788016885.836328717	00:45:e2:ab:48:c3	01:00:5e:00:00:fb	407	1922
1788016885.837271926	00:45:e2:ab:48:c3	33:33:00:00:00:fb	427	1923
1788016885.838140797	ec:74:d7:26:84:a0	ff:ff:ff:ff:ff:ff	564	1924
1788016885.838475709	90:10:57:c5:0f:bc	01:00:5e:00:00:fb	323	1925
1788016885.839238984	90:10:57:c5:0f:bc	33:33:00:00:00:fb	343	1926
1788016885.840059987	e8:65:38:80:cb:cb	01:00:5e:00:00:fb	563	1927
1788016885.840998147	e8:65:38:80:cb:cb	33:33:00:00:00:fb	583	1928
1788016885.841280019	44:a3:bb:1b:4f:09	33:33:00:00:00:fb	357	1929
1788016885.842009893	a0:b3:39:3a:9b:39	01:00:5e:00:00:fb	279	1930
1788016885.842021575	08:f9:7e:17:f5:89	ff:ff:ff:ff:ff:ff	60	1931
1788016885.842887200	10:91:d1:24:04:b9	01:00:5e:00:00:fb	549	1932
1788016885.844652904	10:91:d1:24:04:b9	33:33:00:00:00:fb	569	1933
1788016885.844666920	60:ff:9e:1f:06:6e	01:00:5e:00:00:fb	263	1934
1788016885.844667041	60:ff:9e:1f:06:6e	33:33:00:00:00:fb	283	1935
1788016885.845170434	f4:28:9d:ee:b0:a3	01:00:5e:00:00:fb	299	1936
1788016885.845484386	f4:28:9d:ee:b0:a3	33:33:00:00:00:fb	319	1937
1788016885.846417547	50:bb:b5:35:20:e6	01:00:5e:00:00:fb	469	1938
1788016885.847195370	50:bb:b5:35:20:e6	33:33:00:00:00:fb	489	1939
1788016885.848111278	ec:74:d7:26:6a:60	ff:ff:ff:ff:ff:ff	564	1940
1788016885.848975030	ec:74:d7:26:6a:60	ff:ff:ff:ff:ff:ff	564	1941
1788016885.850044604	3c:55:76:c1:e4:41	01:00:5e:00:00:fb	619	1942
1788016885.850773205	3c:55:76:c1:e4:41	33:33:00:00:00:fb	639	1943
1788016885.852320525	f8:3d:c6:6a:a9:0e	01:00:5e:00:00:fb	1025	1944
1788016885.852331996	42:b1:44:06:2b:79	01:00:5e:00:00:fb	151	1945
1788016885.852598751	3c:64:cf:3b:f6:5b	ff:ff:ff:ff:ff:ff	60	1946
1788016885.852769928	a8:59:5f:28:67:75	33:33:00:00:00:16	90	1947
1788016885.853666992	f8:3d:c6:9d:92:4a	01:00:5e:00:00:fb	497	1948
1788016885.854444494	f8:3d:c6:9d:92:4a	33:33:00:00:00:fb	517	1949
1788016885.854931867	9c:67:d6:eb:9a:1f	01:00:5e:00:00:fb	281	1950
1788016885.855431504	9c:67:d6:eb:9a:1f	33:33:00:00:00:fb	301	1951
1788016885.856274598	ec:74:d7:26:69:94	ff:ff:ff:ff:ff:ff	564	1952
1788016885.856964607	08:f9:7e:17:f5:89	ff:ff:ff:ff:ff:ff	364	1953
1788016885.856976269	a8:59:5f:28:67:75	33:33:00:00:00:16	90	1954
1788016885.858571948	f8:3d:c6:6a:a9:0e	33:33:00:00:00:fb	1045	1955
1788016885.858584101	0e:ef:15:03:c7:1a	ff:ff:ff:ff:ff:ff	60	1956
1788016885.858853530	0e:ef:15:03:c7:1a	ff:ff:ff:ff:ff:ff	60	1957
1788016885.935381867	50:2e:91:66:b5:28	01:00:5e:00:00:fb	93	1958
1788016885.935393368	50:2e:91:66:b5:28	33:33:00:00:00:fb	113	1959
1788016885.936454296	ec:74:d7:26:7f:a4	ff:ff:ff:ff:ff:ff	564	1960
1788016885.937652218	c0:e4:34:bf:ed:ab	01:00:5e:00:00:fb	827	1961
1788016885.938982725	c0:e4:34:bf:ed:ab	33:33:00:00:00:fb	847	1962
1788016885.938994296	08:f9:7e:17:f5:89	33:33:00:00:00:16	90	1963
1788016885.939300975	08:f9:7e:17:f5:89	ff:ff:ff:ff:ff:ff	60	1964
1788016885.939312537	08:f9:7e:17:f5:89	33:33:00:01:00:03	95	1965
1788016885.939580664	08:f9:7e:17:f5:89	33:33:00:00:00:16	90	1966
1788016885.939829145	52:41:e7:a7:82:11	01:00:5e:00:00:fb	103	1967
1788016885.940252830	52:41:e7:a7:82:11	33:33:00:00:00:fb	123	1968
1788016885.940253131	08:f9:7e:17:f5:89	33:33:00:01:00:02	120	1969
1788016885.940689891	08:f9:7e:17:f5:89	01:00:5e:00:00:fc	75	1970
1788016885.940751776	42:b1:44:06:2b:79	33:33:00:00:00:fb	171	1971
1788016885.941171815	08:f9:7e:17:f5:89	ff:ff:ff:ff:ff:ff	60	1972
1788016885.941182274	08:f9:7e:17:f5:89	01:00:5e:00:00:16	60	1973
1788016885.941461492	ec:74:d7:26:89:3c	33:33:00:01:00:02	172	1974
1788016885.941960247	08:f9:7e:17:f5:89	33:33:ff:cc:1e:aa	78	1975
1788016885.941960578	08:f9:7e:17:f5:89	33:33:00:00:00:02	62	1976
1788016885.942235497	08:f9:7e:17:f5:89	33:33:00:00:00:16	150	1977
1788016885.942596166	a8:59:5f:28:67:75	33:33:00:00:00:16	110	1978
1788016885.942596487	a8:59:5f:28:67:75	33:33:00:01:00:03	93	1979
1788016885.943104830	a8:59:5f:28:67:75	01:00:5e:00:00:fc	73	1980
1788016885.943105160	08:f9:7e:17:f5:89	01:00:5e:00:00:16	60	1981
1788016886.037924342	00:01:21:48:26:89	ff:ff:ff:ff:ff:ff	60	1982
1788016886.037929191	08:f9:7e:17:f5:89	01:00:5e:00:00:16	70	1983
1788016886.038205433	00:01:21:48:26:89	ff:ff:ff:ff:ff:ff	60	1984
1788016886.038353107	60:ff:9e:50:6e:88	01:00:5e:4d:4d:4d	155	1985
1788016886.039173208	a0:b3:39:3a:9b:39	33:33:00:00:00:fb	299	1986
1788016886.039173529	28:c5:d2:27:ce:c8	ff:ff:ff:ff:ff:ff	60	1987
1788016886.040190635	ee:a5:f2:3a:ac:e0	01:00:5e:00:00:16	60	1988
1788016886.040185736	ec:74:d7:26:8a:bc	ff:ff:ff:ff:ff:ff	564	1989
1788016886.040452791	0e:ef:15:03:c7:1a	ff:ff:ff:ff:ff:ff	60	1990
1788016886.040453102	9c:67:d6:eb:9a:1f	33:33:ff:4e:92:9d	86	1991
1788016886.041605629	58:e4:eb:2d:58:f6	01:00:5e:00:00:fb	619	1992
1788016886.042553497	58:e4:eb:2d:58:f6	33:33:00:00:00:fb	639	1993
1788016886.042558376	a8:59:5f:28:67:75	33:33:00:00:00:16	90	1994
1788016886.042813810	a8:59:5f:28:67:75	33:33:00:00:00:16	90	1995
1788016886.043218681	a8:59:5f:28:67:75	33:33:00:00:00:16	110	1996
1788016886.141063891	f8:63:3f:8e:1b:0b	ff:ff:ff:ff:ff:ff	92	1997
1788016886.141209300	ec:74:d7:26:7e:2c	33:33:00:01:00:02	172	1998
1788016886.141382562	a4:55:90:56:c6:7e	ff:ff:ff:ff:ff:ff	60	1999
1788016886.141629790	1a:12:c8:d0:94:05	01:00:5e:00:00:fc	83	2000
1788016886.141841112	f8:6d:cc:9f:cc:ce	ff:ff:ff:ff:ff:ff	70	2001
1788016886.142030984	f8:6d:cc:9f:cc:ce	ff:ff:ff:ff:ff:ff	70	2002
1788016886.142214955	f8:6d:cc:9f:cc:ce	ff:ff:ff:ff:ff:ff	70	2003
1788016886.142416539	f8:6d:cc:9f:cc:ce	ff:ff:ff:ff:ff:ff	70	2004
1788016886.142609427	f8:6d:cc:9f:cc:ce	ff:ff:ff:ff:ff:ff	70	2005
1788016886.143332588	f8:6d:cc:9f:cc:ce	ff:ff:ff:ff:ff:ff	125	2006
1788016886.143526738	f8:6d:cc:9f:cc:ce	ff:ff:ff:ff:ff:ff	70	2007
1788016886.143749822	f8:6d:cc:9f:cc:ce	33:33:00:00:00:fb	95	2008
1788016886.143938913	f8:6d:cc:9f:cc:ce	ff:ff:ff:ff:ff:ff	70	2009
1788016886.144217349	f8:6d:cc:9f:cc:ce	ff:ff:ff:ff:ff:ff	125	2010
1788016886.144472402	f8:6d:cc:9f:cc:ce	ff:ff:ff:ff:ff:ff	125	2011
1788016886.144670329	f8:6d:cc:9f:cc:ce	01:00:5e:00:00:fb	75	2012
1788016886.144843561	a8:59:5f:28:67:75	ff:ff:ff:ff:ff:ff	60	2013
1788016886.145009508	f8:6d:cc:9f:cc:ce	ff:ff:ff:ff:ff:ff	60	2014
1788016886.145184263	f8:6d:cc:9f:cc:ce	ff:ff:ff:ff:ff:ff	60	2015
1788016886.145377451	f8:6d:cc:9f:cc:ce	01:00:5e:00:00:fb	76	2016
1788016886.145553868	f8:6d:cc:9f:cc:ce	ff:ff:ff:ff:ff:ff	60	2017
1788016886.145777733	f8:6d:cc:9f:cc:ce	33:33:00:00:00:fb	96	2018
1788016886.145957547	f8:6d:cc:9f:cc:ce	ff:ff:ff:ff:ff:ff	60	2019
1788016886.146155223	f8:6d:cc:9f:cc:ce	01:00:5e:00:00:fb	77	2020
1788016886.146383897	f8:6d:cc:9f:cc:ce	33:33:00:00:00:fb	97	2021
1788016886.146601240	ee:a5:f2:3a:ac:e0	33:33:00:00:00:16	90	2022
1788016886.146797745	f8:6d:cc:9f:cc:ce	01:00:5e:00:00:fb	75	2023
1788016886.146998587	f8:6d:cc:9f:cc:ce	01:00:5e:00:00:fb	78	2024
1788016886.147226701	f8:6d:cc:9f:cc:ce	33:33:00:00:00:fb	98	2025
1788016886.147451788	f8:6d:cc:9f:cc:ce	33:33:00:00:00:fb	95	2026
1788016886.148765585	50:2e:91:66:b5:28	01:00:5e:00:00:fb	871	2027
1788016886.150025030	50:2e:91:66:b5:28	33:33:00:00:00:fb	891	2028
1788016886.151206762	50:2e:91:66:b5:28	01:00:5e:00:00:fb	807	2029
1788016886.152382202	50:2e:91:66:b5:28	33:33:00:00:00:fb	827	2030
1788016886.242631434	40:d1:33:7f:6e:a3	ff:ff:ff:ff:ff:ff	60	2031
1788016886.243539959	c0:74:ad:dc:20:14	ff:ff:ff:ff:ff:ff	564	2032
1788016886.244390647	f0:68:e3:e4:0d:64	33:33:00:00:00:fb	563	2033
1788016886.245218251	f0:68:e3:e4:0d:64	01:00:5e:00:00:fb	543	2034
1788016886.245230785	0e:ef:15:03:c7:1a	ff:ff:ff:ff:ff:ff	60	2035
1788016886.245514381	90:10:57:c5:0f:bc	ff:ff:ff:ff:ff:ff	60	2036
1788016886.245503210	92:78:a3:81:07:a6	ff:ff:ff:ff:ff:ff	60	2037
1788016886.246077295	70:08:10:f0:b5:d6	01:00:5e:00:00:fb	186	2038
1788016886.246232192	70:08:10:f0:b5:d6	33:33:00:00:00:fb	206	2039
